Property_ID,Title,Address,Price_CAD,Bedrooms,Bathrooms,Area_sqft,Type,Status,Description,Image_URL,Agent_Name,Agent_Phone,Agent_Email,Preferences_Embeddings,Natural_Description_Embeddings
101,Charming Family Home,"123 Maple St, Toronto, ON",850000.0,4.0,3.0,2300.0,Detached House,For Sale,"A spacious family home located in a quiet neighborhood, featuring a large backyard and modern finishes.",https://example.com/image1.jpg,Emily Clark,416-555-1234,emily.clark@example.com,"[ 0.07970859 -0.10006012 -0.07188142  0.35890955 -0.4277653  -0.32582098
 -0.3240546  -0.17348132  0.29509872 -0.04337867 -0.04411955  0.0451892
 -0.19482337 -0.26920763 -0.45363614  0.19705458 -0.12711622  0.20472988
 -0.06894018  0.5684032  -0.19735724 -0.43093196 -0.32163695 -0.09252333
  0.28557324 -0.15658791 -0.20914428  0.21112044  0.02098469 -0.20943
  0.4565066   0.0023388   0.31856644  0.16870031  0.16309555  0.41951555
 -0.1052442  -0.34973037 -0.1910943  -0.32465863 -0.2316043   0.32749304
  0.1065307   0.33677062 -0.08852821  0.31352475  0.10810594 -0.10575591
  0.17947754  0.28033304 -0.2779399   0.08248952  0.10074198  0.09572944
 -0.20135626  0.33355665 -0.02229628 -0.20380668  0.71053547  0.13197199
  0.6054614   0.00646756 -0.11651537 -0.09873395  0.08297988  0.09607564
 -0.5617959  -0.05904278 -0.09007841 -0.56679916  0.24065766  0.00905677
 -0.3292644   0.214166    0.03322209  0.03579621 -0.05626745 -0.02800223
 -0.32129136  0.14440429 -0.03607105 -0.38678002 -0.2960511  -0.28788435
  0.19822662 -0.27001214 -0.08652443 -0.01518658 -0.1311152  -0.19883873
  0.4829449   0.33667952 -0.13365866 -0.02495204 -0.20627438 -0.21300028
  0.5180538  -0.07953496  0.09719229  0.2675775   0.12925467  0.39960027
  0.2494205   0.24414645 -0.08384433 -0.09882219  0.00357216  0.33258206
  0.09689683 -0.33892703 -0.02755661 -0.31287935 -0.2216383   0.18250728
 -0.3524835  -0.39639124  0.29965413 -0.22088978  0.5077597  -0.09785336
  0.5145236   0.40416297 -0.01767002 -0.2644629   0.11906699 -0.12361863
 -0.33635974  0.25409442 -0.3227157   0.48415017 -0.09885208  0.13078305
  0.02205878 -0.31231242 -0.11871152  0.25406593 -0.19438083  0.39201945
  0.5462977   0.13815714 -0.04671056 -0.17899399  0.04670561 -0.25149274
  0.11763817 -0.41177252 -0.25743422  0.0852927  -0.06828535  0.11275947
  0.15194857  0.10951969 -0.04121427 -0.4153768   0.12759797 -0.04168534
 -0.02486831 -0.0437428  -0.00782441 -0.07822136  0.1486152   0.03736474
  0.24397856  0.15307668 -0.0509061  -0.26896665  0.15516469  0.3509281
 -0.28676715 -0.43774956 -0.11935912 -0.18099926 -0.01744419  0.29889235
  0.10027893 -0.29819775  0.01858781  0.28693256  0.01060261  0.21188478
 -0.50792754  0.16256897 -0.24110724 -0.02348483 -0.07389423  0.20717604
  0.30563766 -0.01698988  0.2740365  -0.17917998  0.04971204 -0.32140508
 -0.359748   -0.35841194 -0.00143509 -0.01426704 -0.15471226 -0.21535055
  0.00778402  0.1613172   0.19912106 -0.09092531  0.11265643  0.03403014
  0.07549056  0.29667956  0.21193117  0.065639   -0.3798779   0.36075857
  0.12965128  0.21075137  0.47592837 -0.34137118 -0.06415032  0.07017436
 -0.44019693  0.25673229  0.18540919  0.5832179  -0.19170958 -0.1512828
  0.34132868 -0.03629005  0.18547614 -0.20822881 -0.12234527  0.04781459
 -0.10939573 -0.1309375  -0.0114863  -0.19760048  0.20979615  0.4684051
 -0.11554702 -0.01860233  0.28112268 -0.28353763  0.38673365  0.15867667
  0.16794567 -0.2062835   0.10499064  0.02491402 -0.27896425  0.22839408
 -0.01673668  0.07762909  0.0983001   0.07067749 -0.20370337  0.1877993
  0.05652591  0.01194208 -0.18777303 -0.3722247   0.07185441 -0.04060946
  0.25129044  0.27983394 -0.01164524 -0.16445729  0.05628497  0.14936219
 -0.12689653  0.1134899   0.01064999 -0.00621121  0.11233823 -0.2478315
  0.19034149 -0.03241635  0.52728295  0.06732713  0.56235534  0.35641807
 -0.20498352  0.03803357  0.00743727  0.19498982  0.27919295  0.27795145
  0.01071449  0.11454982 -0.07119505  0.2844126   0.13175716  0.14495261
 -0.0336286   0.08527754 -0.08901779 -0.24593641 -0.5950549   0.07628123
 -0.55535394  0.03973705 -0.28515843 -0.530702    0.16191396  0.49197093
  0.54492146 -0.0230763   0.15081799 -0.11990304  0.40078443  0.3243562
  0.42605194  0.03821748  0.49141818 -0.8468863  -0.14780347 -0.36210307
 -0.20883076  0.10136939  0.0298303   0.05724142  0.14737165 -0.3296472
  0.25308833  0.00183816 -0.36943766  0.32632446 -0.35503438 -0.3693479
  0.19339015 -0.27474007  0.18314163  0.02062411 -0.13296765  0.4897147
 -0.03680354 -0.18866016 -0.2922491   0.02099179 -0.28858313 -0.05669819
 -0.17583945 -0.26640603 -0.32794392  0.25669745  0.02890906  0.06264065
  0.0671372   0.1708127  -0.15077601 -0.4451623  -0.30234614 -0.07588217
  0.01754998 -0.4015188  -0.00356673  0.26517272 -0.0653422   0.22801529
 -0.26921296 -0.08140144 -0.02614355  0.33540154 -0.37594807 -0.11255962
  0.10932136 -0.13326825 -0.36324793 -0.05560445 -0.40569353  0.1323818
 -0.59061086 -0.19392692 -0.49599716  0.09912217  0.44439986  0.13254084
 -0.34751612  0.2891006   0.00521537 -0.18766499 -0.03056854  0.41414726
  0.01716636 -0.18820275  0.13833658  0.16542949 -0.21196459 -0.04545318]","[ 2.28318423e-01  6.99329823e-02  8.62035304e-02  1.94733530e-01
 -1.88114315e-01 -2.07659423e-01 -1.64279357e-01 -2.87667215e-01
  2.32054412e-01  3.07203662e-02 -1.62119269e-01 -9.26218703e-02
 -1.73594296e-01 -1.21730454e-01 -2.89626122e-01  2.29382534e-02
 -1.75013661e-01  2.38336980e-01  8.22828487e-02  6.25838637e-01
 -1.77464545e-01 -2.57244110e-01 -2.79672146e-01 -1.75442249e-02
  2.94854850e-01 -1.11319721e-01 -4.48622368e-02  2.09911063e-01
 -1.26584902e-01 -2.83574611e-01  4.36803997e-01  8.02623108e-05
  8.01503584e-02 -7.61940181e-02  1.64185703e-01  5.06432235e-01
 -1.40816912e-01 -3.89180869e-01 -1.45348802e-01 -3.30917060e-01
 -2.47704968e-01  2.79847383e-01  1.39658570e-01  3.33058685e-01
 -1.77035451e-01  3.71515721e-01 -1.84476823e-02 -4.79871854e-02
  2.75082976e-01  2.10341930e-01 -3.25373620e-01 -1.45048434e-02
  5.30148447e-02  1.10223837e-01 -1.96061909e-01  2.61973977e-01
  8.98219347e-02 -8.48158300e-02  4.74256963e-01  1.95915446e-01
  5.49721003e-01  1.16275854e-01 -2.28501290e-01  2.92999893e-02
 -1.38459668e-01  6.90654144e-02 -4.48571473e-01  1.32523291e-02
 -5.80471829e-02 -3.87864828e-01  2.87802760e-02 -4.37476486e-02
 -1.67597428e-01  7.70183429e-02  1.95114195e-01 -1.19364671e-02
 -1.11013368e-01 -3.89968008e-02 -7.44990334e-02  1.69604063e-01
  3.51213127e-01 -1.39502734e-01 -4.17687595e-01 -1.43900141e-02
  1.38189539e-01 -2.81316489e-01 -1.12872630e-01  1.35768995e-01
 -1.16676435e-01 -3.15557003e-01  3.06957543e-01  4.32521820e-01
 -8.02138224e-02  1.73750296e-02 -8.77362937e-02 -9.46797282e-02
  2.12991908e-01 -6.38730004e-02  5.19119389e-02  9.20066088e-02
  1.09634995e-01  5.62855124e-01  2.71808803e-01  2.69106865e-01
 -2.69145370e-01 -1.11088380e-01  8.84876400e-02  1.82981536e-01
  3.21858227e-01 -1.62072480e-01 -1.85219377e-01 -1.78809971e-01
 -3.20878804e-01  7.06628188e-02 -3.29088748e-01 -3.12350709e-02
  2.89504856e-01 -1.00747913e-01  7.58561850e-01 -4.60176691e-02
  3.94390553e-01  2.83170521e-01  1.55669257e-01 -1.31598637e-01
  3.01464736e-01 -1.93355203e-01 -3.48267436e-01  3.38444442e-01
 -3.03366154e-01  3.17551017e-01 -2.77377516e-02  2.83331841e-01
  3.63283977e-02 -3.02456707e-01 -1.58058032e-01  1.83678284e-01
 -4.26828004e-02  3.03685993e-01  4.56378698e-01  2.72991545e-02
 -5.65829128e-02  4.28261384e-02  8.24970827e-02 -2.02689767e-01
 -1.78005621e-01 -1.53857738e-01 -2.18326226e-01 -6.54115900e-02
 -1.72389925e-01  1.25343557e-02  1.36297256e-01  1.99838281e-02
  1.70799986e-01 -5.04976988e-01  2.76434392e-01  4.94778529e-02
  1.05395466e-01  1.00379795e-01 -4.03190628e-02 -7.04091936e-02
 -9.25968885e-02  2.41794195e-02  1.02470629e-01  2.14950472e-01
 -1.02802895e-01 -3.54974121e-01 -5.57880513e-02  3.61168295e-01
 -2.77257174e-01 -3.73012602e-01  1.57183021e-01 -9.28100944e-02
 -5.18910028e-03  8.03592503e-02  2.39378005e-01 -1.88456625e-01
  4.68611065e-03  3.64706635e-01 -4.14401889e-02  1.67287514e-01
 -1.99878216e-01 -1.98106226e-02 -3.52031946e-01 -1.80705320e-02
  8.94780550e-03  1.26095638e-01  3.12097758e-01 -1.33818626e-01
  2.57063538e-01 -1.06436163e-01 -1.41352698e-01 -2.22806931e-01
 -1.68958634e-01 -4.26666737e-01  8.66203383e-03  1.53562054e-01
  1.64704964e-01 -1.66389197e-01  5.27545959e-02  1.24692746e-01
  1.74175277e-01 -2.14770004e-01 -4.24705446e-03  1.82496443e-01
 -7.93339610e-02  2.54102111e-01  3.66846532e-01  1.08145595e-01
 -1.87366962e-01  3.01639378e-01 -6.74234424e-03  1.26098186e-01
  5.18554091e-01 -1.98448062e-01 -4.76786569e-02  7.50760436e-02
 -4.45720077e-01  5.75875938e-02  2.36981958e-01  3.78088713e-01
 -7.90114049e-03 -2.09245920e-01  2.62857407e-01 -2.72745460e-01
  2.03385502e-01 -3.67010236e-01 -1.17130719e-01 -6.60281107e-02
  9.80802625e-02 -1.26832575e-01 -1.12307988e-01 -3.13756615e-01
  5.25874458e-02  3.99389595e-01 -3.52589339e-01  7.12806284e-02
  3.35106075e-01 -2.94424742e-01 -7.35947490e-03  2.03464523e-01
  2.32449487e-01 -3.24183911e-01  1.06212445e-01  1.94374308e-01
 -1.10814795e-01  2.20718667e-01  1.65468752e-01  1.52906075e-01
  9.58421379e-02  1.59629032e-01 -1.41449541e-01 -6.47693127e-02
 -3.61818932e-02  1.83290049e-01 -4.08055216e-01 -3.03118020e-01
 -2.30969638e-01 -1.74566805e-01  2.27877751e-01  1.89446896e-01
 -2.53450237e-02 -1.34815261e-01 -2.25112841e-01  1.55971512e-01
 -4.05604988e-02  1.26178727e-01 -1.02444757e-02  4.24109772e-02
  2.13568658e-01 -2.13014185e-01  6.34633154e-02 -1.09581627e-01
  3.06721896e-01  1.89658687e-01  4.11530733e-01  3.20975691e-01
 -3.86214554e-01 -1.59901619e-01  2.48868555e-01  1.73209384e-01
  1.17875203e-01  1.70542479e-01  1.04121253e-01  3.04158002e-01
 -6.50267527e-02  2.35653087e-01  4.87955213e-02  5.69638535e-02
  4.80234288e-02  2.41451710e-01 -6.17809705e-02 -3.21730524e-02
 -7.55304813e-01  1.25613242e-01 -4.60446537e-01  4.91888262e-02
 -2.14112520e-01 -5.26559174e-01  1.89578105e-02  4.09221828e-01
  9.24990535e-01 -3.64415050e-02  3.12837325e-02  7.54004717e-02
  1.72824673e-02  2.97221214e-01  4.66450930e-01 -1.86284840e-01
  3.65240395e-01 -6.07120395e-01 -3.27976137e-01 -3.67467910e-01
 -1.23801902e-01  1.77938312e-01  3.74211892e-02  1.78714141e-01
  1.06590524e-01 -2.32136503e-01  2.38859743e-01 -7.27979094e-02
 -2.82315224e-01  2.83599854e-01 -4.21845853e-01 -2.54761726e-01
  6.59289770e-04 -4.72500920e-01  7.91101903e-02  7.42054731e-02
 -1.43857181e-01  3.46884131e-01  1.40018940e-01 -3.04996789e-01
  9.29946825e-03  2.38646686e-01 -1.16256624e-01  1.58433914e-02
 -8.74147117e-02 -7.85205234e-03 -4.68691528e-01  1.42614365e-01
  1.53133646e-01 -1.16617516e-01  1.02056764e-01  1.28695890e-01
 -2.22600251e-01 -3.36957514e-01 -5.06545842e-01  7.37973377e-02
 -2.92178504e-02 -5.69292545e-01 -7.21351728e-02  1.63335696e-01
 -2.65538275e-01  1.05851710e-01 -3.33955199e-01 -1.37648225e-01
 -3.42232399e-02  2.24394888e-01 -3.07385772e-01 -2.25470662e-01
 -4.13002074e-02 -1.50242016e-01 -2.89777994e-01  2.97451951e-02
 -1.39595807e-01  2.49670267e-01 -3.60204905e-01 -1.79227740e-01
 -6.16498470e-01  9.83125940e-02  6.01789474e-01  1.60041720e-01
 -1.53429598e-01  2.74324328e-01  3.11904550e-02 -8.91289115e-02
  1.10210665e-03  5.13896585e-01 -1.91274151e-01 -3.73199396e-02
  1.70819134e-01  1.19292542e-01 -3.84820789e-01  4.77442816e-02]"
102,Luxury Downtown Condo,"456 Bay St, Vancouver, BC",1150000.0,2.0,2.0,1100.0,Condo,For Sale,A luxurious condo in the heart of downtown Vancouver with stunning city views and top-notch amenities.,https://example.com/image2.jpg,James Harris,604-555-5678,james.harris@example.com,"[ 3.80097449e-01  1.04890235e-01 -1.01807127e-02  4.03229184e-02
 -2.70662785e-01 -1.02801114e-01 -1.82153925e-01  1.94484636e-01
  1.99439049e-01  5.22014126e-02  4.36464138e-02 -1.00301169e-01
  3.58220339e-01 -4.72594202e-02 -2.43227836e-02 -3.79351228e-02
  2.58719772e-01 -1.07505627e-01  4.15055119e-02  3.40982795e-01
 -2.12185845e-01 -1.73212871e-01 -4.89654317e-02  7.18985349e-02
  4.87083644e-01 -1.28278792e-01 -2.07338147e-02  1.68580592e-01
 -3.32427248e-02  2.51635313e-01  2.86910743e-01 -5.90345860e-02
  1.54221728e-01  2.40389958e-01  4.90762919e-01  3.39257777e-01
  9.94181186e-02 -9.51858759e-02 -8.97304863e-02 -1.40636951e-01
 -1.23592801e-01  3.17962497e-01 -8.41141585e-03  3.72465342e-01
  1.72000509e-02  1.47879258e-01 -1.59149796e-01  3.40647250e-01
  6.10737912e-02 -6.61434531e-02  1.37743041e-01  8.73862803e-02
  1.57882795e-01  7.33235851e-02 -1.81675956e-01 -1.30014643e-01
 -2.09731922e-01 -8.64407942e-02  6.06003284e-01 -2.70820260e-01
  2.90199220e-01  4.21129651e-02  1.58252925e-01  1.61222696e-01
 -5.14183156e-02  1.89821109e-01 -1.51342571e-01  4.04173136e-01
 -7.58832367e-03  7.28089944e-04 -3.10915932e-02  2.13792380e-02
 -3.24246466e-01 -2.86268741e-01 -2.89199483e-02 -4.11377400e-01
  1.10734984e-01  4.04040478e-02 -5.00766635e-01  2.60743588e-01
  2.15073988e-01 -2.23850399e-01 -1.73176542e-01  2.17322573e-01
  8.18933919e-02 -1.29568905e-01  5.92217967e-02 -2.52356619e-01
  3.27320725e-01 -3.23738195e-02  3.99694353e-01  3.64821516e-02
 -1.78277314e-01 -3.15198213e-01 -3.75233382e-01 -3.34720314e-01
  1.01176843e-01  8.00204873e-02  1.85006946e-01 -2.03151871e-02
  6.24029078e-02  2.54123420e-01  3.84001613e-01  6.09069988e-02
  3.04488659e-01 -2.06847519e-01  3.59718114e-01  1.15344733e-01
 -1.98147073e-02  8.90848488e-02 -1.72968060e-01  1.12279654e-02
 -2.20720619e-02 -2.49722138e-01 -6.08450294e-01  2.37526149e-01
 -1.37037873e-01  2.40375295e-01  1.43470094e-01 -1.86824173e-01
  1.58785954e-01  9.08826664e-02 -3.72946858e-01 -1.91220626e-01
 -3.30653101e-01 -1.47776738e-01 -1.27854779e-01 -1.73287131e-02
 -5.00177324e-01 -4.02947888e-02  6.97972700e-02  1.97295889e-01
  3.80856156e-01 -3.15730363e-01  2.36778066e-01 -1.29584610e-01
  4.89279069e-02  3.69457416e-02  1.25589490e-01 -4.72142160e-01
 -1.42244726e-01  4.27700728e-01  1.27368286e-01 -4.76301372e-01
  2.75443047e-01 -1.06991969e-01 -1.22391216e-01  6.52337149e-02
 -7.34523013e-02 -2.84829110e-01  4.25187021e-01  2.11235806e-01
 -6.49086460e-02 -4.49106842e-01  5.61166227e-01  3.01498681e-01
 -6.77203685e-02  1.06770970e-01 -3.92626524e-01 -1.06811874e-01
  1.66098520e-01  2.18575820e-01  3.97237152e-01  2.65727073e-01
 -2.57670581e-01  5.70721515e-02  1.64317638e-01  2.50830919e-01
 -1.30876616e-01 -1.29129171e-01 -2.35034875e-03  1.57640070e-01
  1.31688535e-01  3.42470974e-01  3.95682186e-01 -3.22591633e-01
 -3.53479460e-02  8.78866180e-04  6.44871369e-02  1.35363623e-01
 -5.39768100e-01  1.63966045e-01 -2.49894768e-01 -4.38802764e-02
  2.82306433e-01 -8.56218114e-02 -8.85477439e-02 -1.27765253e-01
 -6.24704473e-02  5.67058027e-02  1.27140984e-01 -2.82186896e-01
  5.77056631e-02 -1.23353504e-01 -1.35934338e-01  8.64352807e-02
 -1.52076483e-01  1.29954994e-01 -2.43361995e-01  3.38886231e-01
  3.50095987e-01 -5.54222584e-01  1.75207630e-01  8.98690969e-02
  1.20849036e-01  2.81118155e-01  3.17664057e-01  4.13898602e-02
 -1.73959523e-01  7.17176944e-02  1.86215356e-01  2.49993131e-01
  4.87371802e-01 -1.15380436e-01  2.73965418e-01  1.05943836e-01
 -3.66039306e-01 -2.11405143e-01  7.67830163e-02 -5.21699376e-02
  1.18755393e-01  2.11625937e-02 -2.86582142e-01  9.45504829e-02
 -9.34611633e-02  6.10625632e-02  3.08685064e-01 -1.05297670e-01
 -2.01808378e-01  7.60574490e-02 -1.61925510e-01 -1.49610803e-01
  2.20382676e-01  3.35472047e-01 -1.71371847e-01  4.46367171e-03
 -3.64612564e-02  9.16287005e-02  6.48213550e-02  3.15444291e-01
  3.53713900e-01 -3.05185497e-01 -4.87299532e-01 -1.44859463e-01
  2.12895256e-02 -2.81094074e-01  4.03435588e-01 -4.89944126e-03
  2.63947964e-01  3.14040124e-01 -2.45946482e-01  1.54197514e-01
  4.69103992e-01 -2.88932204e-01 -1.86993137e-01 -4.13695686e-02
 -1.03996649e-01  1.07036717e-01 -2.80731350e-01  1.45222053e-01
 -5.72599210e-02  1.49768293e-01  1.09658554e-01 -3.85173500e-01
  1.89954862e-02 -1.88646168e-01  2.36570045e-01 -1.99302495e-01
 -4.59317714e-02 -7.56316632e-02  2.77196288e-01 -3.57441872e-01
  3.61887187e-01 -3.27277571e-01 -1.15018912e-01  1.60941929e-01
 -2.99530447e-01  4.84731764e-01 -4.23769169e-02  7.23449886e-02
 -3.33104372e-01  2.99100220e-01  7.51986727e-02 -1.84944898e-01
 -3.17779928e-02  2.44855642e-01  1.77778438e-01  4.05972421e-01
  6.57762215e-02  2.19754204e-01  1.86451823e-01 -5.88655531e-01
 -5.68713427e-01 -7.47455880e-02 -4.16628331e-01  2.00438395e-01
 -4.05243754e-01 -5.84065199e-01 -1.18658327e-01 -1.38397545e-01
  3.28729451e-01 -2.17743274e-02 -1.15259923e-01  2.84980416e-01
  3.44190121e-01  1.90847397e-01 -1.31009594e-01 -3.92423831e-02
  1.18375108e-01 -3.90634835e-01 -2.45747238e-01 -3.38512808e-01
 -5.19701660e-01 -1.02113616e-02 -1.35659099e-01  2.11344898e-01
 -3.14915061e-01 -3.01600903e-01  2.79697441e-02 -4.47106957e-02
 -4.62900430e-01  1.78663000e-01 -4.06118363e-01 -2.62722969e-01
 -9.64424163e-02 -5.68007603e-02 -2.11922050e-01  4.79115844e-02
  2.33123135e-02  2.51062095e-01  1.08495392e-01 -1.94410771e-01
 -9.80594307e-02  1.77860692e-01 -4.23983872e-01 -1.25598401e-01
 -6.17619008e-02 -3.84618282e-01 -1.43688083e-01 -2.49174461e-01
 -3.31466086e-02  1.26993880e-02  2.00978294e-01  3.75273861e-02
 -8.10303465e-02  4.43919748e-02 -3.70432198e-01 -8.21995288e-02
  3.43364418e-01 -3.82396251e-01 -1.72053799e-01  4.79244888e-02
 -3.82879227e-01  6.21276125e-02 -8.88843164e-02 -1.71675324e-01
  1.44759744e-01  2.59914428e-01 -1.65715069e-01  2.88265944e-01
  3.40958953e-01  7.14537054e-02 -3.26052308e-01  2.92620271e-01
  7.09316805e-02  1.91322174e-02 -8.86396766e-02  2.88021751e-02
 -5.84611535e-01  1.35365039e-01  4.22460526e-01  7.27656335e-02
 -1.77977700e-02  6.06320381e-01 -1.89937279e-01  2.01993098e-04
 -5.34763455e-01  1.71582140e-02 -2.65353918e-01  1.43218920e-01
 -1.44987002e-01 -3.42750847e-01 -5.39252996e-01 -2.87841391e-02]","[ 5.24142027e-01  1.50227517e-01  1.40960217e-02  1.22913852e-01
 -2.83440888e-01 -4.18875739e-02 -2.05433249e-01 -1.46469101e-01
  3.18930447e-01  6.29807040e-02 -7.15582222e-02 -2.62789130e-01
  4.10851181e-01  4.08947356e-02 -4.52014431e-03 -4.82658781e-02
  1.48841903e-01 -9.26465467e-02  2.14532316e-01  4.20926452e-01
 -2.52905816e-01 -1.58331677e-01  2.86868624e-02  7.00015668e-03
  4.17674690e-01 -2.89750487e-01  5.15834652e-02  3.04368306e-02
  3.46963853e-03 -2.14502495e-02  6.25807762e-01  2.13200245e-02
  7.11959880e-03 -5.78411929e-02  3.88418734e-01  4.36808139e-01
 -8.01885873e-02 -1.88254967e-01 -2.00274810e-01 -2.11094916e-01
 -1.66022211e-01  2.82151937e-01  2.03497201e-01  3.70358139e-01
 -4.02908623e-02  2.53417969e-01 -1.75566360e-01  3.22050631e-01
  3.09601109e-02  4.11506221e-02 -2.56656587e-01 -1.18207991e-01
  1.57416433e-01 -8.84908289e-02 -2.63500035e-01  1.47069126e-01
 -1.70949265e-01 -7.24549443e-02  3.54256183e-01 -2.18445465e-01
  4.08874035e-01  1.13189377e-01 -9.03103426e-02  1.63312435e-01
 -2.90871024e-01  2.72573799e-01 -3.34471583e-01  2.03823477e-01
 -9.25805941e-02 -9.35642123e-02 -1.61147445e-01 -1.12260461e-01
 -4.69965041e-01 -1.75329968e-01  8.96844789e-02 -2.97293782e-01
  1.70052014e-02  8.78225937e-02 -2.42155805e-01  3.62876803e-01
  4.22875106e-01 -4.91604060e-02 -3.77208680e-01  2.82522231e-01
  1.12386853e-01 -1.60711780e-01 -9.16283112e-03 -1.12579718e-01
  8.85785967e-02 -2.47409567e-01  4.40045804e-01  6.43122718e-02
 -1.23158030e-01 -2.40191594e-01 -7.73888305e-02 -3.03953797e-01
  5.03266081e-02 -3.61184627e-02  2.16266692e-01 -1.47267193e-01
  1.48771890e-02  4.33118343e-01  3.05837125e-01  2.51753390e-01
  9.82874930e-02 -2.12009490e-01  3.14457864e-01  1.77359834e-01
  2.75194556e-01  3.03865410e-04 -2.74104863e-01 -1.20963208e-01
 -1.21676229e-01 -1.96605295e-01 -4.35024321e-01  5.32778129e-02
 -1.39250249e-01  1.83804989e-01  5.65870404e-01 -7.58958682e-02
  1.44857913e-01  2.31604725e-01 -1.15753487e-01 -2.95421809e-01
 -1.16231561e-01 -1.47693574e-01 -1.40513241e-01  2.04562679e-01
 -5.75668633e-01  1.61957860e-01  5.52220568e-02  1.27034083e-01
  4.23262060e-01 -3.52673739e-01  1.32043704e-01 -3.13953422e-02
  9.95260663e-03  2.00942323e-01  2.46401727e-01 -3.07464838e-01
 -1.03090473e-01  4.81755674e-01  2.60304719e-01 -2.85809129e-01
  3.39293033e-02 -6.63757473e-02  1.24849901e-02 -5.32539263e-02
 -1.03455514e-01 -1.83679193e-01  4.08374548e-01 -8.09892491e-02
  4.76611480e-02 -5.82080543e-01  6.26498938e-01  3.49055171e-01
  5.72936833e-02  2.43173018e-01 -3.94629449e-01 -6.26053810e-02
  4.92105186e-02 -6.22219406e-03  2.48543888e-01  5.72263002e-01
 -3.08735639e-01 -2.62066424e-01 -7.70212561e-02  1.93866968e-01
 -2.26088479e-01 -1.95592850e-01  1.17394753e-01  1.07575707e-01
  1.22595541e-01  2.32292295e-01  4.83115166e-01 -2.84507513e-01
  5.90840243e-02  2.51289219e-01 -9.74325314e-02  1.74581215e-01
 -3.11903507e-01  1.29218444e-01 -3.40002596e-01  6.32696226e-02
  3.41874659e-01  7.68012404e-02  7.38463923e-02 -2.46501654e-01
 -5.00550084e-02  6.60946965e-02 -2.70600438e-01 -4.01194513e-01
  3.00414227e-02 -3.51711333e-01 -3.58254500e-02  1.32831976e-01
  1.17496280e-02 -3.58410217e-02 -6.74740970e-02  2.85489112e-01
  2.09947050e-01 -4.84777898e-01  3.18337202e-01  1.80043325e-01
 -7.70961866e-02  3.76862228e-01  3.87280822e-01  1.12336241e-01
 -1.44414380e-01  2.09156200e-01  4.55695651e-02  2.39504308e-01
  4.90774870e-01 -4.06491682e-02  2.84629047e-01  6.31365106e-02
 -5.00038505e-01 -1.18400075e-01  2.61047632e-01  8.83570313e-03
  1.38507962e-01 -2.70147175e-02 -8.55097622e-02 -2.88334697e-01
 -5.75485826e-02 -2.64253974e-01  2.06849098e-01 -2.29816437e-01
 -2.58588344e-02 -5.01751937e-02 -1.21504366e-02 -3.14160854e-01
  1.11099660e-01  2.08303809e-01 -5.59499621e-01  4.13502902e-02
  3.13194096e-01 -1.98760509e-01 -1.58618957e-01  2.27807552e-01
  5.32564461e-01 -3.90633851e-01 -3.24214637e-01  2.29950398e-02
  1.72714859e-01 -1.52982831e-01  2.20047206e-01  8.86156335e-02
  2.43779257e-01  6.52026176e-01 -2.39653647e-01 -5.46619296e-02
  2.98602320e-02 -6.89544156e-02 -5.04251719e-01 -4.45093103e-02
 -2.24458605e-01 -1.38619095e-01 -2.97106594e-01  3.02506030e-01
 -6.69123679e-02  8.43801349e-02 -3.28221619e-01 -1.13392934e-01
  1.23203665e-01 -1.48919299e-01  1.30985007e-01 -4.47577238e-03
  1.57856911e-01 -7.40016624e-02  1.14670224e-01 -3.00852925e-01
  3.41840744e-01 -1.56666234e-01 -5.96559905e-02  3.68139714e-01
 -3.85535687e-01  2.24708214e-01  2.16708571e-01  7.69944042e-02
 -1.11030638e-01  9.40285102e-02  5.72968982e-02  2.72349380e-02
 -1.56254083e-01  2.58331776e-01  2.08760157e-01  5.13552964e-01
  2.98804641e-01  1.91852525e-01  1.34211332e-01 -8.93962234e-02
 -8.79253328e-01 -3.58355269e-02 -3.34931523e-01  6.05714694e-02
 -2.36477226e-01 -6.99942291e-01 -9.35799442e-03  2.75416449e-02
  8.02887440e-01 -4.36038300e-02 -2.76197314e-01  3.19208652e-01
 -1.84905399e-02  2.10330039e-01  1.41307324e-01 -1.00340642e-01
  2.66131669e-01 -4.41168129e-01 -3.75923485e-01 -6.98577166e-01
 -2.83582598e-01  1.85488045e-01 -1.60726890e-01  3.74158829e-01
 -2.67663449e-01 -3.63674998e-01  6.02479652e-02 -4.22020815e-02
 -4.01832372e-01  2.69910663e-01 -3.51222515e-01 -2.83555597e-01
 -1.79156065e-01 -8.86491090e-02 -1.51813790e-01  1.00647159e-01
 -2.09607616e-01  2.51150876e-01  1.83496401e-01 -2.09348232e-01
  1.06366143e-01  3.78294915e-01 -3.83756906e-01  1.23811230e-01
  1.30132377e-01 -3.36818367e-01 -3.09673965e-01 -1.96490124e-01
  4.45956364e-02 -4.30841595e-02  3.20257008e-01  1.18630463e-02
 -2.52682000e-01  7.12960511e-02 -4.88414168e-01  6.92270398e-02
  1.60692960e-01 -4.49728757e-01 -1.35493040e-01  7.67157003e-02
 -3.65837336e-01  1.16320401e-01 -2.90863305e-01 -2.54322410e-01
  1.17652014e-01  1.86633587e-01 -1.35922760e-01  4.40632589e-02
  2.56612659e-01  1.54178828e-01 -2.06064090e-01  2.62496948e-01
  1.24418318e-01  1.42365679e-01 -8.30955654e-02 -7.95235932e-02
 -4.86053795e-01  2.60559887e-01  4.34127480e-01  1.75969154e-02
 -9.24163386e-02  6.78422034e-01  8.21447186e-03 -1.39572948e-01
 -3.49064082e-01  1.06704138e-01 -2.64513761e-01  2.78622299e-01
 -6.08414039e-03 -2.36289948e-01 -5.33583283e-01  3.33410650e-02]"
103,Cozy Suburban Bungalow,"789 Pine Ave, Calgary, AB",450000.0,3.0,1.0,1400.0,Bungalow,Pending,"This cozy bungalow is perfect for small families, located in a friendly suburban community.",https://example.com/image3.jpg,Sarah Thompson,403-555-9876,sarah.thompson@example.com,"[ 0.21411096 -0.2918219  -0.12600707  0.21841617 -0.2791537   0.04593551
 -0.3834717  -0.09251069  0.48086864  0.16892643  0.04379352  0.20596385
  0.03588767 -0.10097262 -0.03970018  0.13431281  0.22911775 -0.0530787
  0.07439026  0.46420404 -0.21335164 -0.07305837 -0.14673147 -0.00820922
  0.32083914 -0.3082821  -0.2467547   0.12364654  0.22788545 -0.31052157
  0.5455046  -0.0743546   0.09113006  0.01212661  0.33145222  0.71658605
 -0.15787575 -0.5666821  -0.04994392 -0.08601779 -0.10395657  0.13083676
  0.44984254  0.06602006  0.08596522  0.27656934 -0.23562217  0.01108749
  0.46066818  0.00624215 -0.18098232  0.22759926  0.2585155  -0.02381451
 -0.21297099  0.00158276  0.21970259 -0.20162748  0.36032516  0.01414027
  0.319105    0.28319073 -0.07754562 -0.04850701 -0.20121102 -0.04622759
 -0.46318993 -0.21918105  0.1612947  -0.261184   -0.26183543  0.0982589
 -0.37122336 -0.22726315  0.367385   -0.06695685  0.08010822  0.2910779
  0.14978094 -0.04770407 -0.04607277  0.06201693 -0.25282112 -0.20562345
  0.05672439 -0.3076603   0.25548196 -0.01247059  0.00510482 -0.24845655
  0.41070262  0.41332486 -0.3393652  -0.05519775 -0.27639544 -0.21840402
  0.443989   -0.17815743 -0.13181998  0.17781049 -0.17140295  0.3691636
  0.38510373  0.3516925  -0.09380976 -0.09709806  0.17979996 -0.11814639
  0.06048938 -0.1092136   0.12370081 -0.29837772  0.12147468  0.28958404
 -0.3130178  -0.4091143   0.0898888  -0.36907014  0.45980483 -0.18231931
  0.09833143  0.17989184  0.26101854  0.02330498 -0.17735687 -0.1567405
 -0.23356672 -0.03781015 -0.35102335  0.28921416 -0.00723584  0.20823035
  0.11600199 -0.14796765 -0.26137984  0.18727733  0.08348342 -0.20078519
  0.2501581  -0.35046956  0.13213257  0.24769536 -0.0478652  -0.2927612
 -0.04387288 -0.06629039 -0.06626982 -0.03994976 -0.23190396  0.10729962
  0.20661327  0.17810214 -0.05606669 -0.4088253   0.26028493  0.08494173
 -0.26243147  0.03585503  0.09213211 -0.13847397 -0.02759073 -0.15513231
  0.42001796  0.09268843 -0.06604075  0.00970759 -0.13721308  0.13060656
 -0.27820742  0.06326692  0.16960882 -0.05258772  0.12596834  0.6273246
  0.8906169  -0.08692782  0.15775914  0.04541993 -0.07236525  0.28472063
 -0.37155676  0.25331554 -0.34551212  0.11217894 -0.13569646  0.03548899
  0.20865776 -0.26519293  0.14161736 -0.10110255 -0.07106467 -0.32497182
 -0.17815903 -0.3926334   0.02729632  0.20465808  0.30377558  0.02045031
  0.12204815  0.26603135  0.21974081 -0.31141347 -0.16745836 -0.10513812
  0.21510465  0.5141711  -0.14072274  0.12546021 -0.0964646   0.01327664
  0.43549603 -0.07488387  0.36839175 -0.4202218   0.0547694   0.0233245
 -0.38629368 -0.03757852 -0.11021367  0.26472947  0.04817348  0.2708503
  0.00577966 -0.0547039   0.18754196 -0.36195233  0.15137707 -0.22542682
 -0.04012527  0.06732117  0.24753101 -0.22643527 -0.01228269  0.21118799
 -0.27148768 -0.02171486  0.48912504 -0.2777891   0.3675943  -0.09112222
  0.21935523 -0.5134628  -0.3977507   0.2810674  -0.00148097  0.10088643
  0.14849874  0.37774187  0.45934424  0.34066164  0.08795068  0.46704626
 -0.24794237 -0.2644155   0.00601998 -0.28047633 -0.21527205  0.37400386
 -0.05201185  0.09401562  0.08539303 -0.07594462 -0.30225378  0.11446662
  0.5589431  -0.18069135 -0.38771045 -0.22136222 -0.03360756 -0.18790647
  0.24761239 -0.06566823  0.10313137  0.09489948  0.03398867  0.10041522
 -0.14037336  0.38153636  0.14282313 -0.14956905  0.05617908  0.33386776
  0.1979474   0.25108558 -0.24714558  0.29079205  0.29360524  0.20388222
 -0.22295551  0.0166545  -0.04297727 -0.40203258 -0.30869323 -0.18564047
 -0.3098399   0.08130395 -0.11936082 -0.43813437  0.09803218  0.31698745
  0.5165488  -0.440568   -0.1006363  -0.07912562  0.18855847 -0.1770586
  0.06448076  0.1608958   0.47322002 -0.52997816  0.01793917 -0.30405465
 -0.20597765  0.2938109  -0.11431837  0.15576094 -0.25822896 -0.19922599
  0.08492536 -0.11307967 -0.42357492  0.32391664 -0.32932353 -0.25844082
 -0.2794491  -0.34345415 -0.08778636 -0.1543507  -0.32588834  0.4474801
  0.204521   -0.482753    0.00938294  0.16982761 -0.47217265 -0.18819222
 -0.13570939 -0.2211071  -0.4187882  -0.18855616 -0.1852423  -0.15177448
  0.00609206  0.02201828 -0.04489646 -0.3138872  -0.06063449 -0.3011083
  0.29318067 -0.8552638  -0.2924105   0.26277283 -0.06335074  0.18685216
 -0.02582942  0.18068142  0.09699938  0.39110905 -0.03192211 -0.08940227
  0.42815423  0.2504532  -0.01808579 -0.27291736 -0.21244712  0.13294207
 -0.25382388 -0.06845073 -0.26534158  0.21855123  0.51158786  0.25839633
 -0.13876945  0.6453589  -0.04686491 -0.29113474 -0.39057702  0.2594624
  0.07518451 -0.13147643 -0.1177404  -0.14519522 -0.3426331  -0.04058071]","[ 2.35963523e-01 -9.72562134e-02 -1.77809894e-01  9.11335796e-02
 -1.42506629e-01 -3.63448588e-03 -1.74101993e-01 -2.37781465e-01
  3.38772893e-01  2.12748975e-01 -1.80521518e-01 -3.77405435e-02
  1.88644361e-02 -6.86013699e-02  7.18629882e-02  1.09222218e-01
  2.40330264e-01  1.01787828e-01 -1.52024888e-02  4.39531833e-01
 -1.46385521e-01 -9.65995491e-02 -8.36849734e-02 -8.43506232e-02
  1.83084086e-01 -3.55455160e-01 -1.55253798e-01 -1.19101359e-02
  1.49022996e-01 -3.59115183e-01  5.56500971e-01 -4.06061336e-02
  2.65771262e-02  1.24919964e-02  1.54793411e-02  6.71891570e-01
 -3.04505914e-01 -5.18323243e-01  2.51267925e-02 -2.33706027e-01
 -1.33649036e-01  7.79231936e-02  2.32710958e-01  1.19341657e-01
  2.02950323e-05  3.71910095e-01 -6.24402836e-02 -1.32359400e-01
  3.54920983e-01  1.00380547e-01 -2.84606367e-01  1.07213639e-01
  1.70047402e-01  2.55191494e-02 -3.88909668e-01  8.38344544e-02
  1.14821583e-01 -2.91450649e-01  3.95965666e-01 -1.19231761e-01
  3.21336478e-01  3.38625610e-01 -7.91445971e-02  8.35295022e-02
 -2.89040178e-01 -1.51731580e-01 -5.56392074e-01 -2.73410976e-02
  5.90046383e-02 -2.27554351e-01 -3.23518887e-02  9.91637707e-02
 -4.63420331e-01 -2.27713019e-01  2.54932731e-01 -1.04130976e-01
 -1.08089447e-01  1.21060707e-01  4.16606925e-02  1.72282577e-01
  3.14397305e-01 -8.62818398e-03 -2.59622276e-01  1.30191684e-01
  5.43469675e-02 -3.14362615e-01  2.71005452e-01 -5.63970059e-02
 -4.72528040e-02 -2.80733377e-01  2.40870580e-01  3.45097512e-01
 -1.73402578e-01 -1.03339739e-01 -1.06845170e-01 -1.16755195e-01
  2.36512184e-01  1.34478398e-02 -1.42909750e-01  5.51736057e-02
 -4.24104840e-01  3.84601831e-01  3.08248550e-01  2.66230404e-01
 -1.43998861e-01 -8.18323269e-02 -1.06649719e-01  1.12914257e-02
  2.97380716e-01 -1.61830559e-01 -1.62329786e-02 -1.24550745e-01
 -7.18985423e-02  3.91094893e-01 -2.74787128e-01 -5.36789298e-02
 -1.58032328e-02 -3.34187984e-01  6.20422959e-01 -1.11810952e-01
  1.63460478e-01  2.31105939e-01  2.73986161e-01 -1.84709541e-02
 -5.94699606e-02 -1.72350585e-01 -1.06607825e-01  1.80132046e-01
 -4.22138512e-01  2.10696027e-01 -1.06943222e-02  1.71593517e-01
  8.83696973e-02 -9.57879499e-02 -2.74572581e-01  4.69231792e-02
  3.63725536e-02  1.55036464e-01  3.53445947e-01 -1.55009881e-01
  5.69521412e-02  3.79824549e-01 -1.37015760e-01 -2.41485327e-01
 -2.82721132e-01 -9.01504904e-02 -5.64539395e-02 -9.63156894e-02
 -1.09917320e-01  1.79127753e-01  1.93319395e-01  8.22446793e-02
 -1.44306794e-02 -4.48706031e-01  4.03726220e-01  4.14986238e-02
 -1.04786739e-01  6.69451505e-02  2.02985518e-02 -2.18219131e-01
  1.63709149e-01 -1.19116127e-01  2.00531751e-01  2.62657911e-01
 -2.20929906e-01 -2.81549931e-01 -2.15210885e-01  2.19773307e-01
 -1.70904547e-01 -2.23786801e-01  8.50850642e-02  8.27685967e-02
 -5.96052930e-02  5.47856867e-01  7.00151682e-01 -1.94056153e-01
  8.90841410e-02  1.17218047e-01 -1.58967242e-01  5.03482759e-01
 -7.18231648e-02  1.58104271e-01 -2.92597204e-01  2.66934261e-02
  4.10225168e-02  3.41883153e-02  2.56731063e-01 -3.07124197e-01
  2.49785017e-02 -1.78956777e-01 -1.67490616e-01 -4.70050812e-01
 -1.36809945e-01 -4.16137844e-01  1.42368898e-01  1.73199520e-01
  3.29883546e-01 -3.36008340e-01  5.33756614e-02  1.66962579e-01
  5.81445396e-02 -4.48048770e-01  8.09857920e-02  1.64941907e-01
  1.09045375e-02  3.90333831e-01  1.26624852e-01  1.19615197e-01
 -9.12210941e-02  8.79664943e-02  2.59872258e-01  1.80745170e-01
  3.78775150e-01 -2.16105580e-01  2.16948360e-01 -2.76619177e-02
 -5.34020245e-01 -4.64805290e-02  3.03599872e-02  2.98484445e-01
  1.97984353e-01  1.36543453e-01  2.30177119e-01 -2.64656842e-01
  1.90287590e-01 -5.17041624e-01 -1.02629155e-01 -9.91475880e-02
  7.07649365e-02  1.04909271e-01  6.14984185e-02 -1.86688870e-01
 -1.50684819e-01  3.11721593e-01 -3.72893870e-01  1.20227441e-01
  2.83837050e-01 -3.76364559e-01 -2.66749524e-02 -1.27425894e-01
  2.66158253e-01 -3.34611744e-01 -2.58374989e-01  2.54763514e-01
 -3.80124338e-03  2.48428032e-01  2.06584319e-01  3.47342491e-01
  2.85315484e-01  4.65995640e-01  1.08603388e-02  6.33879378e-03
 -3.28248262e-01 -9.80725735e-02 -2.68738002e-01 -1.47553325e-01
 -2.82368839e-01  1.23023622e-01  5.83599806e-02  3.29949319e-01
  2.51498688e-02 -9.53467190e-02 -4.47634816e-01  2.64772445e-01
  3.74115407e-01 -6.01708069e-02 -1.15447536e-01 -1.85563803e-01
  4.37462777e-02 -8.22391436e-02  1.99606102e-02 -1.47587031e-01
  3.00253332e-01  1.38553634e-01  1.28574967e-01  3.70095760e-01
 -2.41124183e-01  1.07433960e-01  3.58247608e-01 -5.07377759e-02
  1.96774691e-01  1.26394615e-01  1.26492977e-01  3.15428108e-01
 -1.61616653e-01  2.26876348e-01  2.86761701e-01  1.42479524e-01
  8.77174288e-02  1.14717864e-01  1.06241345e-01 -1.80570036e-01
 -4.80517447e-01 -5.30253574e-02 -3.00614148e-01 -8.39334726e-02
  6.93458915e-02 -3.84926379e-01  2.46085539e-01  4.29329813e-01
  6.95940793e-01 -2.48010144e-01 -2.47160867e-02 -4.00226414e-02
 -2.51262546e-01 -1.09631933e-01  2.62754440e-01  6.48152456e-02
  4.40902561e-01 -4.82531995e-01 -2.73067951e-01 -4.16014671e-01
 -2.04259053e-01  3.38766336e-01 -6.56729192e-02  2.46757925e-01
 -1.99154288e-01 -2.39746630e-01  2.30358958e-01 -7.44986236e-02
 -3.48009825e-01  3.35769713e-01 -4.05137300e-01 -1.89882383e-01
 -2.81703591e-01 -2.97196984e-01 -5.31862155e-02 -6.33422583e-02
 -3.88887435e-01  3.91189128e-01  9.34816152e-02 -3.41713965e-01
  2.87083574e-02  3.18630785e-01 -3.51770163e-01  1.28698722e-03
 -6.55668899e-02 -1.61497325e-01 -3.69812727e-01 -2.49628872e-01
 -2.30603851e-02 -1.23088352e-01  1.92905277e-01 -6.52894452e-02
 -2.41819084e-01 -3.77955705e-01 -2.01341525e-01 -1.41949579e-03
  2.37459272e-01 -7.41092563e-01 -1.18288986e-01  1.33470327e-01
 -1.19774863e-01  1.69985011e-01 -5.69236651e-02 -4.07569557e-02
  6.25168309e-02  1.25198349e-01 -8.24789926e-02 -2.46074691e-01
  1.85295254e-01  2.97550797e-01 -3.77092063e-02 -7.42479041e-03
 -5.88379055e-02  2.36420393e-01 -7.86743462e-02 -2.28381362e-02
 -3.24122429e-01  3.81745219e-01  4.44534451e-01  2.49520883e-01
 -1.09485172e-01  5.53650439e-01 -2.16578413e-03 -2.37860411e-01
 -3.20861906e-01  3.79209369e-01 -7.68429115e-02 -3.77866626e-02
  8.35106969e-02 -1.11675955e-01 -3.80055785e-01  8.02504197e-02]"
104,Modern Townhouse,"321 Birch Rd, Ottawa, ON",620000.0,3.0,2.0,1600.0,Townhouse,For Sale,"A modern townhouse with an open-concept design, close to schools and parks.",https://example.com/image4.jpg,Tom Richards,613-555-8765,tom.richards@example.com,"[ 0.26590273 -0.29033634 -0.27822646  0.20530091 -0.4199628  -0.22622715
 -0.2724173  -0.10229769 -0.08103561  0.328909   -0.09904615 -0.2366189
  0.19449255 -0.09131988 -0.10842735  0.19171503 -0.07594702 -0.09429749
  0.22464839  0.4328629  -0.5824769   0.05233606 -0.30053493  0.11715644
  0.3569023  -0.3714849  -0.2079782  -0.03336813 -0.2135406  -0.06461021
  0.30587536 -0.15249534  0.22898383  0.11004707  0.43465787  0.3080898
  0.01424003  0.19707014 -0.14577198 -0.10525461  0.02162598  0.22654761
  0.21427399  0.19119437  0.08806387  0.33279637 -0.19396679  0.14778927
 -0.06479627 -0.08722022 -0.16524643 -0.01291274  0.18769857  0.0346215
 -0.4373948   0.07211138 -0.11428586  0.16382352  0.2669941  -0.1736729
  0.12700501 -0.01877766  0.20417905 -0.09460372  0.00205431  0.02641778
 -0.4768361   0.20912492  0.25884    -0.22516246 -0.25433436 -0.12425422
 -0.28441548 -0.0850262   0.13859472  0.08518852 -0.05729323  0.00108649
  0.20372967 -0.1363944  -0.3960039  -0.18344551 -0.1549421  -0.17102455
 -0.04202623 -0.26280454  0.34165674 -0.09848001  0.08832587 -0.0917537
  0.6705988   0.27907428 -0.02493419 -0.01076188 -0.28641808 -0.25364226
  0.17968816  0.145273    0.08261324  0.30476174 -0.01047273  0.26449472
  0.12587655 -0.04977592  0.20592815 -0.26773757  0.05739699 -0.05311865
  0.19023223 -0.21099079  0.2714087  -0.37994853 -0.03464504  0.0168561
 -0.17609583 -0.11853609 -0.07321019 -0.19838428  0.10047653  0.02471295
  0.07401703  0.3810671  -0.03101244 -0.3668054  -0.35843554  0.04714425
 -0.08800579  0.05132005 -0.4256897   0.17739797 -0.22082496  0.19068588
  0.19878939 -0.18528609  0.12603876 -0.00576016 -0.02078702  0.2356406
  0.50610507 -0.03285163  0.03032508  0.04708571  0.03318236 -0.42705783
 -0.03412764 -0.05401716  0.02156945  0.34654176 -0.16022035 -0.04035541
  0.36021954 -0.01984599 -0.00724232 -0.19414075  0.20820881 -0.11163252
 -0.17286201  0.05997571  0.3144282  -0.00349721 -0.30987632  0.08909222
  0.07631846 -0.08636607 -0.05585999 -0.13473165 -0.18677205  0.1446384
 -0.2602395  -0.318255    0.01916763 -0.08996589  0.19698177  0.38681117
  0.15098585 -0.04951746 -0.07013334  0.02127076  0.18402806  0.0540187
 -0.4997459   0.54069066  0.1016326  -0.23717177 -0.03610725  0.14445575
  0.576335   -0.09954149  0.28777868  0.18617478  0.1301238  -0.31123465
 -0.18708895 -0.4140324   0.07121706 -0.11136913 -0.05310939 -0.08983523
  0.5397458   0.11437057  0.06259556  0.00122298  0.09063485  0.23877394
  0.24878772  0.2216273   0.06576539 -0.03219788 -0.19139843  0.2202187
 -0.14870122  0.03113897  0.5834404  -0.39735043  0.21344897  0.25890422
 -0.0396787   0.02046839 -0.11062058  0.1454707  -0.44572136  0.2515895
 -0.00929889 -0.04921098  0.2237078  -0.2288751  -0.10009987 -0.10180251
 -0.2779955  -0.14553966 -0.08190405 -0.2705081   0.3159745   0.19462581
 -0.1632193   0.16442277 -0.08777935  0.00618667  0.4154172  -0.03592005
  0.18978095 -0.17232592 -0.33347917 -0.07296     0.07708533  0.12826148
 -0.20084347  0.29742157  0.13576923  0.04964169 -0.19502881  0.06914244
  0.18261215 -0.2889812  -0.07472239 -0.03900295  0.2914447   0.29204637
 -0.1097218   0.26099104  0.31117773 -0.06767114  0.02075096  0.08577681
 -0.05690271 -0.07679126 -0.2703152   0.00209173 -0.04279606 -0.0834796
 -0.02954558 -0.2612404   0.27859443  0.3788724   0.15210457 -0.06434724
  0.14994045  0.08845176 -0.19890475  0.13489804 -0.02436171  0.32392165
 -0.01072396  0.05013321 -0.1416599   0.00246466 -0.041916    0.31491777
 -0.09948051  0.11615222 -0.05757277 -0.07181293 -0.39292604 -0.05974716
 -0.52993375  0.14133458 -0.15581833 -0.28678128 -0.07729924  0.19609463
  0.65368104 -0.05292781  0.34514204 -0.07138631  0.46157354  0.24323642
  0.48278868  0.22875205  0.31112474 -0.43880722  0.02697828 -0.15179627
 -0.30905256  0.2164616   0.113611    0.08768684  0.00299319 -0.14171448
  0.03848023 -0.1136355  -0.6853646   0.1360652  -0.05558005 -0.15821826
  0.20635214 -0.11198463  0.15638663  0.06503365 -0.20024058  0.36649716
 -0.10006238 -0.25366905 -0.20889808  0.18014762 -0.18247633  0.02407644
 -0.05675543 -0.23089938 -0.2557535  -0.02236894  0.01141138  0.10119479
  0.02539888  0.03418864 -0.21853958 -0.16976863 -0.07946704  0.08829861
  0.11575323 -0.62860835  0.01956684  0.13501193 -0.00729971  0.21442753
 -0.10322552 -0.17134106  0.00243058 -0.00872543 -0.07859129 -0.01961178
 -0.17831653 -0.13543665 -0.12687814 -0.3964588  -0.09026069 -0.06751085
 -0.4859161   0.14035532 -0.35682985  0.14127068  0.17477609  0.32512462
  0.185109    0.27854976 -0.07059656 -0.28258687 -0.31432205  0.33786583
  0.05123832 -0.04827582 -0.14956187  0.18532035 -0.24137153 -0.08189058]","[ 3.51263851e-01 -6.64004460e-02 -2.14119211e-01  3.15857977e-02
 -2.61401474e-01 -2.67201304e-01 -1.79320544e-01 -2.64519274e-01
  1.33161083e-01  2.59944081e-01 -2.33217239e-01 -2.39779949e-01
  2.28567384e-02 -3.87403816e-02 -2.32362747e-02  5.05001247e-02
  9.88412648e-02  3.38237509e-02  2.17702165e-01  3.43324721e-01
 -1.92364931e-01  4.75353077e-02 -2.56263882e-01  1.37028649e-01
  3.04564059e-01 -3.02626729e-01  2.48650312e-02  1.90515712e-01
 -8.43319669e-02 -1.82409912e-01  4.09995884e-01  1.32429581e-02
  1.71059102e-01  9.53713059e-02  1.95605591e-01  5.59520423e-01
 -9.66172516e-02 -1.25770614e-01 -1.21758670e-01 -2.44985759e-01
 -1.43439829e-01  1.19493529e-01  3.58812600e-01  2.17449784e-01
 -9.87298489e-02  4.59700316e-01 -1.18182242e-01  7.92413428e-02
  1.44904047e-01  1.99234020e-02 -1.80860192e-01 -1.52101934e-01
  1.01129889e-01  1.43304601e-01 -3.70252043e-01  2.63119370e-01
 -1.71255544e-02 -8.48285407e-02  1.01150408e-01 -2.94640273e-01
  2.91338235e-01  1.80123717e-01  1.04008049e-01  7.75467604e-02
 -1.24338865e-01 -9.97865479e-03 -4.39639866e-01  2.27813423e-01
  1.21646643e-01 -2.31398910e-01  3.98867950e-02 -1.46670967e-01
 -2.06440762e-01 -1.52878836e-01  2.31467575e-01  4.44713756e-02
 -2.69823432e-01 -6.67423233e-02  5.51352538e-02  1.51210338e-01
  8.46858025e-02 -1.26971498e-01 -2.33731359e-01  4.18576747e-02
  4.22740132e-02 -1.68782189e-01  1.27936333e-01 -1.73737071e-02
  4.74213436e-02 -2.90933907e-01  3.65913332e-01  4.59801525e-01
  3.71084958e-02  3.90207618e-02  2.29237601e-03 -1.97076887e-01
 -4.69835326e-02 -1.16076082e-01  2.66435873e-02  9.28811133e-02
 -7.82322586e-02  4.63423789e-01  2.34867662e-01  8.36403370e-02
  2.37798631e-01 -5.91279939e-02  5.15258983e-02  2.66785175e-01
  2.59260654e-01 -2.40732282e-01 -1.21018235e-02 -2.62899131e-01
 -9.69586372e-02 -1.56735443e-02 -2.17362508e-01 -8.53817537e-03
  8.33548605e-02 -1.38537467e-01  3.01664531e-01  8.27137455e-02
  7.73025379e-02  3.78902882e-01 -2.59740576e-02 -1.11067742e-01
 -2.35161977e-03 -5.19272797e-02 -1.87083557e-01  2.06772044e-01
 -4.68451679e-01  2.34400481e-01 -1.24030165e-01  1.61205590e-01
  3.42104822e-01 -1.49835408e-01  1.85238160e-02  8.14264640e-05
  4.02865484e-02  3.44635725e-01  5.15608966e-01 -5.14001995e-02
  1.96010470e-02  2.26292908e-01  7.18756840e-02 -3.98899704e-01
 -1.64395630e-01 -1.06072396e-01 -1.56673878e-01  4.84664105e-02
 -2.74550498e-01 -6.67629624e-03  2.47881979e-01 -3.12585458e-02
  4.79553938e-02 -2.95696735e-01  2.76851416e-01  7.29573965e-02
 -5.70298210e-02  2.49719545e-01  1.86035335e-01 -3.02971806e-03
 -1.66824371e-01  1.09870806e-02  3.93091291e-02  1.91172674e-01
 -3.22307944e-02 -3.43245119e-01 -1.86488420e-01  1.15150772e-01
 -3.28867048e-01 -3.94975215e-01  6.34690598e-02  2.47677770e-02
 -3.83287221e-02  2.81514555e-01  1.77539885e-01 -9.49552730e-02
 -6.08621538e-02  1.46058857e-01  7.30953366e-02  1.46123931e-01
 -1.19886711e-01  4.43490803e-01  2.79326271e-02 -2.44944543e-01
  4.87164520e-02  1.00835167e-01  3.85326147e-01 -2.24074885e-01
  2.96640873e-01 -4.06772364e-03 -1.79832876e-01 -2.79846817e-01
 -8.07656720e-02 -5.32037795e-01  8.94418210e-02  9.11899507e-02
  1.55529410e-01 -1.56136617e-01  3.30510348e-01  1.75908983e-01
  5.76210395e-02 -1.08135901e-01  5.16807195e-03  1.60816714e-01
  1.58081893e-02  2.09247828e-01  2.61397272e-01  1.49254248e-01
 -1.72994256e-01  2.92007565e-01 -1.76076889e-01  1.79515123e-01
  4.25860673e-01 -2.16613308e-01  3.75975817e-01 -9.42017063e-02
 -3.38750154e-01  4.89288941e-02  5.09585850e-02  2.25178003e-01
 -8.48596320e-02 -9.27941278e-02  1.74857423e-01 -3.31030101e-01
  1.65513307e-01 -4.16047513e-01 -1.46290019e-01  2.32093520e-02
 -8.73668417e-02 -2.73088157e-01 -4.19231653e-02 -4.47325289e-01
  2.28544459e-01  3.18128467e-01 -4.92159128e-01  1.99486494e-01
  2.09912851e-01 -1.97961569e-01  4.23508883e-02 -7.98665732e-02
  2.79816091e-01 -3.25065702e-01 -1.16950959e-01  2.11945742e-01
  1.44424975e-01  1.01349086e-01 -2.07612455e-01  2.23286301e-01
  7.89386854e-02  2.08992809e-01 -3.00253034e-01 -5.08554354e-02
 -1.12370715e-01 -1.13319412e-01 -4.56878781e-01 -3.14313024e-02
 -6.67443573e-02  1.55244544e-02 -1.39653087e-01  3.15060526e-01
  1.16105139e-01 -4.30962816e-02 -2.29183748e-01  8.46694261e-02
  1.35894880e-01 -7.93349147e-02 -1.59988180e-01  6.37724102e-02
 -1.07342256e-02 -5.54854162e-02  1.78999919e-03 -1.19598314e-01
  2.53680170e-01  1.82324216e-01  1.09257147e-01  2.62986571e-01
 -1.21412493e-01 -7.10696131e-02  1.68924242e-01  1.39481395e-01
  7.51826242e-02  1.07071504e-01 -1.31804064e-01  2.48437032e-01
 -1.35266781e-01  9.26511139e-02 -2.11767349e-02  2.79963106e-01
  1.90767407e-01  1.00012600e-01 -5.18509932e-02  1.62915528e-01
 -6.00423753e-01  3.36783715e-02 -3.62689704e-01  2.40232274e-02
 -1.94551468e-01 -3.53130072e-01 -2.98619531e-02  3.33910078e-01
  7.97010362e-01  3.59340012e-02  1.89115599e-01  8.46476555e-02
 -1.31876856e-01  1.83846593e-01  4.98194098e-01  1.53695583e-01
  4.56905484e-01 -4.00580764e-01 -2.91440159e-01 -4.64351237e-01
 -1.80281043e-01  3.45536709e-01  5.06472737e-02  2.63954133e-01
 -8.87759030e-04 -2.74843454e-01  7.59205371e-02 -6.10725470e-02
 -5.97670197e-01  1.12243993e-02 -3.16615760e-01 -1.48274630e-01
 -1.72586963e-01 -3.07983369e-01  1.54902652e-01  7.76658505e-02
 -2.47253090e-01  4.96930718e-01 -2.96550244e-02 -1.17756210e-01
 -1.00265101e-01  2.43507430e-01 -1.66814744e-01  1.14749216e-01
 -8.27164203e-03 -1.14423975e-01 -4.68801588e-01 -7.64788091e-02
  5.14077842e-02 -9.94731337e-02  1.26473293e-01 -1.68936715e-01
 -4.07874107e-01 -2.05323160e-01 -3.50321651e-01  8.19896534e-03
  3.73814367e-02 -4.96725380e-01 -1.00193739e-01  1.42989695e-01
 -1.00231081e-01  1.44514829e-01 -1.36008263e-01 -9.82477292e-02
 -9.01270956e-02  5.63588589e-02 -1.81205347e-01 -3.14837784e-01
 -8.58661979e-02 -4.75321822e-02 -1.14312910e-01 -3.98471877e-02
  4.90954518e-02  1.17191412e-01 -2.86524668e-02  1.70956433e-01
 -4.32519078e-01  2.90926427e-01  2.27691814e-01  1.80752933e-01
  1.52761877e-01  2.69651443e-01  5.08798435e-02 -1.66661620e-01
 -9.45613310e-02  2.89513856e-01 -8.90109167e-02  6.74599707e-02
  1.00554533e-01  1.04307495e-01 -3.60191256e-01  4.44153771e-02]"
105,Spacious Country Cottage,"654 Cedar Lane, Muskoka, ON",750000.0,4.0,3.0,2500.0,Cottage,For Sale,"Escape to this spacious cottage in Muskoka, offering tranquility and nature at your doorstep.",https://example.com/image5.jpg,Laura Bennett,705-555-7654,laura.bennett@example.com,"[ 1.96441218e-01  1.00613914e-01 -1.32575840e-01  2.53378332e-01
 -3.45649689e-01 -3.71154249e-01 -1.29586950e-01 -2.88547218e-01
  3.52635384e-01  1.48500949e-01  3.60585272e-01 -1.05308704e-01
  2.77834952e-01  2.20903948e-01 -9.26696137e-02  2.55641878e-01
 -1.95382282e-01  3.53622288e-02  5.13960123e-02  3.96673441e-01
 -2.11950421e-01 -1.08590193e-01  2.32218690e-02  3.34305465e-02
  3.78166020e-01 -3.13736439e-01 -1.52351469e-01  2.12595258e-02
 -5.62506244e-02 -2.02601239e-01  3.99677515e-01  1.13937415e-01
 -1.01106808e-01 -9.73065645e-02  4.04213846e-01  7.97284782e-01
 -1.56780556e-01 -2.02617720e-01 -3.54577042e-02  6.09462522e-02
 -5.71616925e-02  3.09799880e-01  3.45065653e-01 -2.27873717e-02
  5.93349002e-02  3.63051593e-01 -7.14056417e-02 -7.95206577e-02
  5.73489852e-02 -1.00675382e-01 -2.42463350e-01 -4.39794734e-02
  4.39983681e-02  4.24487330e-02 -1.13334715e-01  5.51709868e-02
 -1.06226012e-01  6.59260303e-02  1.57702416e-01  1.27408862e-01
  5.07772744e-01  2.91561157e-01 -2.05631733e-01  5.62923849e-02
 -2.80136298e-02 -1.08226188e-01 -3.45615715e-01 -2.92863641e-02
 -1.78400487e-01 -2.83108562e-01  6.32523447e-02  3.87868546e-02
 -1.82067022e-01 -6.25557974e-02  1.55387953e-01  2.19607968e-02
 -1.23855114e-01  1.52008822e-02  8.43813643e-02  9.15602967e-02
 -1.71609506e-01  2.02830061e-01 -2.86945608e-02 -2.10540324e-01
  6.75610150e-04 -2.29898587e-01  2.00748682e-01 -6.65189400e-02
  1.65281281e-01 -2.81998008e-01  6.80353820e-01  3.70590836e-01
 -1.38777763e-01  9.45277065e-02  4.55711521e-02 -3.30687538e-02
  1.76790014e-01 -1.40369713e-01  8.09215978e-02 -1.59603041e-02
  3.67400616e-01  1.75975636e-01  3.37730467e-01 -1.27677619e-01
  8.95926431e-02  6.97596893e-02  6.48946986e-02 -3.23519148e-02
  1.39973998e-01  1.38224363e-01 -4.13765498e-02 -6.25660047e-02
 -1.20075651e-01  1.11565351e-01 -1.90938026e-01  1.56018391e-01
  2.81828851e-01 -5.59900291e-02  4.00241584e-01  6.20735809e-02
  1.72665715e-03 -4.16816585e-02 -1.75076351e-01 -3.04427922e-01
 -3.58196765e-01  4.14815210e-02 -7.24965408e-02  8.50460678e-02
 -7.37216845e-02  1.65972058e-02 -1.52290076e-01  2.39129379e-01
  3.25158894e-01 -2.51136883e-03  3.69151570e-02 -2.85944790e-01
 -2.06519097e-01  2.04272360e-01  6.21723309e-02 -2.72854660e-02
 -6.09033294e-02  9.21317935e-02 -2.36251694e-03 -2.36009121e-01
  3.18056121e-02 -5.76366903e-03  1.26160547e-01  2.28111938e-01
  1.31292148e-02 -4.62061353e-02 -6.41305447e-02  9.53293517e-02
  1.36286378e-01 -2.39953145e-01  3.11297387e-01  6.97680861e-02
 -4.56120580e-01 -6.69631287e-02  2.26724178e-01 -2.40732655e-01
 -1.81363136e-01 -2.65782923e-01 -1.03713535e-01  2.67238617e-02
 -2.20226631e-01 -7.16115609e-02 -2.55268246e-01 -1.89951528e-02
 -2.06887841e-01 -4.26184714e-01 -5.19030429e-02  4.91284430e-02
 -6.51160404e-02  3.39336127e-01  5.96494555e-01  4.86936187e-03
  1.02230825e-01  1.57931432e-01 -5.25765195e-02  1.59211084e-01
 -3.51838291e-01  2.49957800e-01 -4.93649572e-01 -3.59713770e-02
  2.43352763e-02 -8.29263553e-02  1.88609764e-01 -1.69768140e-01
  1.75018340e-01  2.28885993e-01  9.97514054e-02 -3.20351809e-01
  2.27012604e-01 -2.39401817e-01 -2.42571952e-03  1.52576074e-01
 -9.90658998e-02  3.05940360e-02 -8.72575790e-02 -4.06812353e-04
 -1.18234325e-02 -2.37491921e-01 -2.22333334e-02 -1.33828744e-01
 -2.05723211e-01  7.88221583e-02  2.87467331e-01 -1.57950446e-03
 -3.52510661e-01  3.92457396e-01  1.87501550e-01  5.55203110e-03
  2.71773428e-01 -4.19512158e-03  1.03453122e-01  1.12715445e-01
 -6.84397221e-02  2.26018336e-02  1.03423171e-01  2.41733700e-01
 -1.17711790e-01 -1.04975607e-02 -7.95936733e-02 -6.89591542e-02
  2.03323126e-01 -1.72730193e-01  6.44989312e-03  1.87921114e-02
 -2.37626638e-02 -1.21646479e-01  9.16308090e-02 -1.54250130e-01
 -3.33249345e-02  1.30357906e-01 -2.31166020e-01 -9.91727561e-02
  3.40954512e-01  1.65185288e-01  1.47306830e-01 -1.07841596e-01
 -3.17997672e-02 -1.52944073e-01 -2.61091143e-02  9.47086960e-02
 -3.73045132e-02 -7.64727369e-02 -3.96416001e-02  1.18526936e-01
  6.35556951e-02  1.47808522e-01 -1.27156645e-01  2.55561531e-01
 -5.50101586e-02 -3.65132876e-02 -9.24862847e-02 -3.28485399e-01
 -1.47031546e-01  3.72517914e-01  4.44908924e-02 -1.59404948e-01
  1.57689825e-01  3.49854864e-02 -3.37307341e-02  1.45217791e-01
 -9.53286234e-03 -5.72708845e-02 -5.66375852e-02  2.54338354e-01
 -7.65684396e-02 -3.78558904e-01  2.13661939e-01 -3.62866253e-01
  2.41115108e-01 -1.81040809e-01  6.08746186e-02  2.02321768e-01
  1.05657980e-01  5.68294115e-02  8.42673611e-03  3.31634670e-01
 -3.56837749e-01  1.80148453e-01  9.73226577e-02  6.65480494e-02
 -3.42748135e-01  1.88328862e-01  8.90513435e-02  3.55895132e-01
  1.43136770e-01  2.29263023e-01 -2.74555653e-01 -2.89200991e-01
 -3.27030629e-01 -2.31031403e-01 -4.76243019e-01  7.03459531e-02
 -1.56937212e-01 -3.99275124e-01  2.17343315e-01  3.60923298e-02
  6.11658514e-01  4.36811112e-02  2.05082327e-01 -1.26438066e-01
  6.15945399e-01  1.45132169e-01  8.84392262e-02 -7.56083801e-02
  5.48533261e-01 -3.58529598e-01  1.78902254e-01 -2.68634945e-01
 -2.90729344e-01  2.67611265e-01  4.15949486e-02  2.58594662e-01
 -3.98541428e-02 -5.44241667e-02  3.51189643e-01  9.85862501e-03
 -4.12518263e-01  3.78372103e-01 -1.80781454e-01 -3.41711134e-01
 -1.74952760e-01 -1.33615196e-01  2.69366920e-01 -3.90705727e-02
 -2.44426146e-01  6.29738390e-01  4.16609906e-02 -3.25612634e-01
 -2.10291043e-01  4.72337246e-01 -3.21818680e-01 -4.77916416e-04
 -2.12704942e-01 -3.22416872e-01 -5.53412773e-02  3.30697000e-03
  2.05544736e-02 -6.80294037e-02  3.34150903e-02 -7.81429652e-03
 -4.40503433e-02  3.67450528e-02 -1.27166703e-01 -2.05384642e-02
  2.29724512e-01 -4.63531464e-01 -4.39007878e-02  9.04855803e-02
 -5.25639653e-01  2.46332839e-01 -5.24575889e-01  9.18926522e-02
 -6.32025421e-01 -5.54473400e-02 -2.30058819e-01  2.25775465e-01
 -3.10757067e-02 -1.99585989e-01  1.06395975e-01 -1.71975508e-01
 -1.90027118e-01 -4.03511450e-02 -2.41699621e-01 -1.70403704e-01
 -3.16597134e-01  2.55291611e-01  3.22249323e-01  1.94799095e-01
  1.34912699e-01  3.80894363e-01  2.09178887e-02 -8.18466395e-02
 -2.19900876e-01  2.18037471e-01 -2.24516124e-01  2.51974408e-02
 -2.69580901e-01 -3.62064660e-01 -5.38579583e-01 -3.46784085e-01]","[ 0.27091673  0.18083498  0.11570217  0.1991612  -0.2106145  -0.20766923
 -0.0437626  -0.40710306  0.35055164  0.14203447  0.08025114 -0.26672617
  0.13216163  0.29588345  0.01073068  0.1851647  -0.0444155   0.20678206
  0.18914965  0.35309064 -0.2571618  -0.08598995  0.07019499  0.24144387
  0.44221076 -0.20580962  0.03046456  0.02864443 -0.01636044 -0.13826957
  0.3694784   0.06134308 -0.16156408 -0.16110657  0.2367092   0.817346
 -0.23002097 -0.26985925  0.06758673 -0.06947713 -0.13571304  0.34037274
  0.40110767  0.04197218 -0.08418162  0.29459935 -0.1559086   0.05791824
  0.02188987  0.11019145 -0.17827752 -0.17977682  0.09775491 -0.13524562
 -0.09661538  0.22174945 -0.08805923  0.13104378 -0.02696611  0.07636877
  0.4492147   0.18864366 -0.23575377  0.07206046 -0.18503144  0.00309843
 -0.35963336  0.07239339 -0.14213243 -0.34525606 -0.08081712 -0.05850645
 -0.07539429 -0.25185788  0.08392341 -0.13565288 -0.1486882   0.03507165
 -0.06914865  0.17343174  0.26788247  0.15955907 -0.13177165 -0.09406638
 -0.07053398 -0.24189983  0.23120123 -0.00571762  0.17005168 -0.29165906
  0.37446198  0.38321292 -0.09202915  0.05386779  0.08090954  0.04479356
  0.08306072  0.08591321  0.02000417 -0.01359337  0.24073398  0.3311927
  0.25838935  0.01098252 -0.02282219 -0.04863292  0.07267305 -0.07827467
  0.27860543  0.15371673 -0.16284323  0.05442298 -0.02639633 -0.03414269
 -0.13491058  0.1872872   0.34071767 -0.08448856  0.5342572   0.04389404
  0.09492239 -0.01603487  0.02414325 -0.16995725 -0.29358685 -0.10607032
  0.04794039  0.13538527 -0.05827281  0.11045626 -0.08591256  0.25947303
  0.36390042 -0.11176828 -0.13601461 -0.16133201 -0.11824276  0.13749078
  0.08062455 -0.18458705 -0.08943588  0.25163403 -0.04133807 -0.2001631
 -0.09519489  0.00762866  0.17572713  0.06088717 -0.21701315 -0.06615825
 -0.0494377  -0.00383104  0.06642542 -0.3003522   0.43046948  0.23397051
 -0.18051162  0.08510993  0.01104411 -0.13866688 -0.11968651 -0.32457247
 -0.15844409  0.11801112 -0.17819299 -0.18105167 -0.33316782  0.01410883
 -0.15437053 -0.31173083 -0.18689854  0.02198425  0.05171701  0.05988914
  0.5300045  -0.04038623  0.06890769  0.11172537 -0.12405901  0.08208763
 -0.24509534  0.18470378 -0.37479198 -0.07653064  0.16456297 -0.03135869
  0.0506383  -0.22840697  0.19637424  0.13666949 -0.06655193 -0.44608673
  0.11791915 -0.19424547  0.00654396  0.299205    0.04061361  0.04006661
 -0.08002569  0.15425    -0.07862114 -0.32200414  0.12908603  0.03961629
 -0.01313118  0.18711258  0.5089831   0.16593066 -0.10668026  0.31695363
  0.03900653  0.11325949  0.23859096  0.02754896  0.20246172  0.06508379
 -0.3192543   0.06478162  0.1686175   0.14930594  0.21615298 -0.07002006
  0.02002654 -0.25358915  0.1540195  -0.30793336 -0.16775534  0.02888686
  0.09859402 -0.20793423 -0.06160892 -0.23286773 -0.08910677  0.10700413
 -0.5176111  -0.00606967  0.28673074 -0.10003903 -0.04819813 -0.06594242
  0.21438065 -0.25366378 -0.02179211  0.22694331  0.2241107   0.12663016
 -0.05722006  0.08406503 -0.04925608  0.23232767 -0.21480316 -0.14482147
 -0.18499002 -0.04249207 -0.29377773 -0.24345842 -0.23935263  0.00144053
 -0.07845128  0.0615661   0.04339642  0.16696891 -0.28649947  0.26827306
  0.23144975 -0.04001372 -0.16023603  0.22804841 -0.15300506 -0.20146763
  0.03493057 -0.31011227  0.29733688 -0.01891218  0.0235835   0.21710478
 -0.21053001 -0.15875168  0.20878959  0.10835417 -0.30245113  0.01920198
  0.1070417   0.18389498 -0.35617203  0.19551271 -0.0082026   0.33239618
  0.25778654  0.24643365 -0.16012117  0.01689472 -0.62675685 -0.05711829
 -0.36981544 -0.08755386 -0.08590158 -0.3228944   0.2674276   0.1443198
  0.70931214  0.03538312  0.03778665  0.03353062 -0.02477149  0.15220927
  0.06088344 -0.2540935   0.43896842 -0.27656186 -0.11737796 -0.42552364
 -0.19988126  0.37771326  0.12386121  0.257505   -0.02098407 -0.2153425
  0.33304563  0.02485249 -0.25685185  0.18879804 -0.26224002 -0.25253636
 -0.27172083 -0.3038561   0.23885582  0.0126923  -0.20955563  0.49406427
  0.04309068 -0.27665737  0.01413726  0.5749069  -0.18160921  0.1331935
 -0.00800784 -0.18021683 -0.21175206 -0.06987846  0.007205   -0.2752377
  0.25099578 -0.1209249  -0.15061769  0.05429086 -0.372598   -0.01059086
  0.12349059 -0.45800444 -0.11178431 -0.06015149 -0.36033985  0.25983638
 -0.44386494 -0.06836944 -0.49370354 -0.05603501 -0.21335371  0.06107378
 -0.0245277   0.03886304  0.08456097 -0.0633374   0.10236284  0.09909026
 -0.04263486 -0.21620056 -0.36178988  0.35501334  0.31828597  0.08888683
  0.3017625   0.40835065  0.08846387 -0.02347426 -0.01634026  0.32223776
 -0.24006449  0.0732165   0.05232119 -0.25464386 -0.6817617  -0.18326426]"
106,Urban Loft Apartment,"987 King St, Montreal, QC",480000.0,1.0,1.0,900.0,Apartment,For Rent,"A trendy loft apartment with exposed brick and high ceilings, located in the vibrant heart of Montreal.",https://example.com/image6.jpg,Daniel Lee,514-555-6543,daniel.lee@example.com,"[ 1.38155162e-01 -4.42930218e-03 -5.71389645e-02  2.95249999e-01
 -3.91296804e-01 -1.28965408e-01 -5.21157205e-01  7.96779469e-02
  6.05584085e-02  3.12413931e-01  1.56542897e-01  4.53875959e-02
  2.00848788e-01 -2.40179196e-01 -1.56535413e-02  5.70123419e-02
 -1.10172309e-01  1.43084511e-01  9.76708997e-03  7.97489107e-01
  7.72696966e-03 -2.55247921e-01 -2.73343980e-01 -1.89261511e-02
  3.73469234e-01 -2.62418777e-01 -1.03294820e-01 -1.66564453e-02
 -5.04345037e-02  1.30771399e-02  2.83169240e-01 -1.30571537e-02
  4.51901376e-01  3.69917341e-02  4.89412159e-01  6.14759743e-01
  1.05851553e-01 -1.12921230e-01 -3.00286889e-01 -2.11643860e-01
 -1.44578636e-01 -1.73524991e-01  4.61651944e-02  1.18272975e-01
  6.45087063e-02  1.46107852e-01 -4.62768935e-02  2.50604272e-01
  2.40347087e-01  6.62397817e-02 -3.70590717e-01 -1.11215608e-02
  3.27757865e-01  2.41197407e-01 -3.47880900e-01  1.93713263e-01
  1.01881742e-01 -1.44426469e-02  5.10761917e-01 -9.57080871e-02
  4.95490044e-01  2.14142233e-01 -3.53827327e-02  2.25350019e-02
  2.97246516e-01  1.12060070e-01 -4.52935785e-01 -2.91955303e-02
  4.88131233e-02 -2.41250262e-01  2.21432433e-01 -1.36561263e-02
 -2.89347768e-01 -9.73980799e-02  3.68956000e-01 -4.18386497e-02
 -5.32641530e-01 -8.20264816e-02 -1.06599681e-01  5.21722317e-01
  3.60721231e-01 -4.00140941e-01 -2.26003230e-01 -1.04322329e-01
  3.28928344e-02  1.16343866e-03  9.21402052e-02 -1.50198266e-01
 -2.77364790e-01 -1.96898490e-01  1.80643335e-01  2.00222328e-01
 -3.50074738e-01 -1.12448983e-01 -2.76087169e-02 -4.72195357e-01
 -4.80197631e-02  2.46385913e-02 -2.77705729e-01  1.03898473e-01
  2.09536195e-01  3.28375787e-01  4.22452718e-01  5.64724028e-01
  1.45969108e-01 -3.85058522e-01  3.39228272e-01  1.55941039e-01
  8.48971754e-02 -2.66486377e-01 -7.11717457e-02 -2.62133330e-01
  4.41433191e-02 -3.91534790e-02  7.82779884e-03 -1.17839381e-01
  3.35708767e-01 -1.03364863e-01  1.04674466e-01  2.59981491e-02
  3.79910529e-01  3.56008798e-01 -8.46060887e-02 -1.53557032e-01
 -1.73441246e-02 -2.54657000e-01 -3.53119999e-01  1.28441200e-01
  2.48722751e-02  4.64378983e-01  5.03312759e-02  2.01904580e-01
  2.81417370e-02 -4.09744531e-01 -2.25426909e-02  4.01569575e-01
  8.57169926e-02  1.85379148e-01  4.41066325e-01  6.20612353e-02
  2.28393689e-01  5.06023645e-01 -6.21574782e-02 -3.23895454e-01
  3.66101235e-01 -4.89866659e-02  3.78199667e-02 -1.63640961e-01
 -1.10278748e-01 -8.14421102e-02  4.27029729e-01  1.74992383e-01
  2.13848129e-01 -6.67540014e-01  1.81017756e-01 -4.16856036e-02
 -2.63392538e-01  1.47909462e-01  1.19409323e-01 -1.87750570e-02
  8.14206083e-04  1.72409981e-01  1.31094888e-01  3.46857131e-01
  1.40909284e-01 -1.93956941e-01 -4.34410088e-02  8.37774575e-02
 -2.24917442e-01 -1.95363149e-01  2.04831973e-01  2.24594399e-02
  4.09277588e-01  3.43197793e-01  7.63965473e-02 -4.06348765e-01
 -9.18104276e-02  1.24706095e-02  7.07252175e-02  4.02380824e-01
 -8.29386771e-01  2.41714388e-01 -1.71157777e-01 -1.25901073e-01
  6.70476556e-02  1.24391347e-01  2.95498490e-01 -2.77233839e-01
  3.04155171e-01 -6.23269007e-02  2.75112950e-04 -5.60649335e-02
 -3.41183037e-01 -6.80579305e-01 -2.12451369e-01 -2.21153036e-01
  6.36987612e-02 -4.26365212e-02 -4.58568744e-02  1.74995214e-01
  3.75326648e-02 -1.27170175e-01 -3.37317772e-02  1.70437723e-01
  3.14483084e-02  3.70843321e-01 -5.08697070e-02 -1.39037594e-02
  2.36018058e-02  1.71722010e-01  1.51762351e-01  4.60294634e-02
  3.82383347e-01 -2.77862579e-01  1.84583470e-01  7.86912516e-02
 -4.05006617e-01 -2.91376095e-02  1.48052797e-01  1.85132802e-01
 -3.45672548e-01  5.25305001e-03  4.32778113e-02 -4.02290598e-02
  1.47922665e-01 -3.84949088e-01 -1.30413234e-01  8.35897750e-04
 -1.57675818e-01  7.49737397e-02 -1.01695403e-01 -2.24812582e-01
  8.90161395e-02  2.45725706e-01  4.28579114e-02 -9.33445469e-02
  2.63019472e-01  7.87110254e-02  2.97067791e-01  2.12132633e-01
  1.94772512e-01 -4.15865362e-01 -3.91940624e-01  2.08175391e-01
  1.13479994e-01 -1.83577344e-01  6.54813275e-02  5.57097867e-02
  1.69825479e-01  8.88368934e-02 -5.45797609e-02  2.68158078e-01
  2.89150953e-01 -1.37373582e-01 -3.48184317e-01  2.22139820e-01
 -1.35902420e-01  1.39359206e-01 -2.79317517e-02  3.11561584e-01
 -1.86397180e-01  2.87109707e-03 -7.10361227e-02 -2.29428589e-01
 -4.99538481e-02  5.31821337e-04 -1.59656316e-01 -3.92091185e-01
  3.20328534e-01 -4.02711362e-01  4.40937817e-01 -4.14594084e-01
  2.37986207e-01 -7.04327226e-02  1.52758598e-01 -4.41704094e-02
 -3.08854468e-02  2.94000030e-01  1.11386098e-01 -1.42081186e-01
 -1.92521125e-01  4.22164291e-01  8.46421123e-02 -2.26802379e-01
  6.04262315e-02  3.03658038e-01  1.54537726e-02  8.85114968e-02
  3.27662975e-02  1.22633666e-01  1.89401284e-01 -2.73700595e-01
 -4.84184831e-01  1.27377763e-01 -2.52936214e-01  7.28438944e-02
  9.90682542e-02 -2.60005146e-01 -3.12644392e-01  8.65059197e-02
  5.76941907e-01  1.67181194e-01 -4.23293896e-02  5.37934564e-02
  9.89582092e-02  4.15623337e-02  3.01228732e-01  2.55440664e-03
  4.21531558e-01 -1.36602476e-01  3.54731977e-01 -2.72669435e-01
 -5.50024867e-01 -1.55173078e-01  1.08509682e-01  5.81927747e-02
 -1.74963355e-01 -6.40048563e-01  2.74598718e-01 -7.70936608e-02
 -3.73276323e-01  7.40378052e-02 -4.94544983e-01 -2.19592199e-01
 -3.32514662e-03 -4.58815604e-01  4.86158999e-03 -1.36546001e-01
 -2.05041721e-01  2.07128912e-01 -4.16790396e-02 -1.92867354e-01
  2.41385967e-01  5.93230911e-02 -1.86473727e-01 -4.95469570e-02
 -4.42541808e-01 -2.62843281e-01 -2.47244582e-01 -9.53195542e-02
  6.89200908e-02 -5.11767380e-02  2.08336338e-01 -1.12701423e-01
 -1.18764035e-01 -2.57211328e-01 -5.04945755e-01 -3.12406123e-01
  2.43138433e-01 -2.37688363e-01 -1.11222416e-01  1.93287849e-01
  6.23326562e-02 -7.99351111e-02 -1.83737740e-01  5.47059551e-02
  4.04776514e-01 -2.12404743e-01 -4.18748349e-01 -4.84923609e-02
  5.45828678e-02 -2.78777957e-01 -1.60248652e-02 -1.26784071e-01
 -1.34667829e-01 -6.77154362e-02  9.19562392e-03  2.04640965e-04
 -3.69555801e-01  1.06482856e-01  1.74160510e-01  2.81165689e-01
 -1.36824474e-01  3.76829743e-01  4.79170382e-02 -1.69045284e-01
 -3.72608155e-01  2.84159541e-01 -8.77211690e-02 -6.74824640e-02
  1.44505814e-01  6.10015995e-04 -6.36207223e-01 -1.81942750e-02]","[ 1.93061382e-01  1.96755856e-01 -1.32450908e-01  1.99829906e-01
 -2.62875587e-01 -8.61070156e-02 -8.42294246e-02 -2.12337300e-01
  2.33466685e-01  1.08567707e-01 -6.57580197e-02 -1.70684144e-01
  2.43182749e-01 -1.33675665e-01 -1.42105818e-01 -1.88230380e-01
  4.97242576e-03  1.71844468e-01  2.82962620e-01  5.67095876e-01
  1.12785898e-01 -1.06099680e-01 -1.41286865e-01 -4.46275510e-02
  3.17685872e-01 -3.83441478e-01 -3.62773500e-02  1.01532525e-04
 -1.00606261e-02 -3.05124044e-01  5.85054100e-01  5.01632970e-03
  1.88277915e-01 -1.39610784e-03  3.18287998e-01  4.64682519e-01
 -1.36755347e-01 -1.68931797e-01 -2.82531053e-01 -3.86596501e-01
 -6.26007468e-02 -5.12593277e-02  1.32149473e-01  2.68115252e-01
  4.96271700e-02  3.42323154e-01  1.71410106e-02  1.72189102e-01
  1.77051932e-01  1.40711233e-01 -2.91905284e-01 -1.71545342e-01
  3.22192311e-01  9.16622207e-03 -3.69920015e-01  2.98665524e-01
  5.30376062e-02 -1.35615515e-02  3.76976162e-01 -1.74183205e-01
  4.47729141e-01  2.81075388e-01 -1.60678655e-01  1.44600660e-01
 -3.25695761e-02  1.16018012e-01 -5.43027341e-01 -8.61813128e-03
 -1.20301858e-01 -2.93313682e-01  6.92069009e-02 -9.97455791e-02
 -4.85147446e-01 -2.01719940e-01  3.62328231e-01  7.03602890e-03
 -4.90085870e-01 -2.32378412e-02 -2.19934806e-01  4.46208268e-01
  6.22666180e-01 -3.10756087e-01 -3.17101300e-01  1.05461702e-01
  1.11106813e-01 -1.57660410e-01  1.27667874e-01 -1.74130201e-01
 -6.01538159e-02 -2.82990783e-01  2.26627454e-01  2.77857125e-01
 -1.41293496e-01 -3.66897397e-02 -6.23547547e-02 -3.37213427e-01
  1.07743498e-02  1.93307549e-02  9.58915427e-02  5.69561049e-02
 -1.34689987e-01  3.75432581e-01  3.86795133e-01  4.25154865e-01
  1.51535913e-01 -3.86888683e-01  1.14404276e-01  1.39364943e-01
  3.79822284e-01 -3.57770473e-01 -2.92546153e-01 -2.77838826e-01
 -4.62279730e-02 -2.79440228e-02 -5.16533218e-02  2.43332982e-02
  1.28726751e-01  5.80218732e-02  3.69708747e-01 -6.67200908e-02
  2.19920143e-01  3.10325205e-01 -6.07315004e-02 -1.55092821e-01
 -2.19275877e-02 -8.28818306e-02 -3.30161124e-01  2.40604937e-01
 -1.84460551e-01  4.82210785e-01  1.53138280e-01  2.16508284e-01
  1.84160292e-01 -2.21849278e-01 -7.54376128e-02  9.60638225e-02
 -3.97125743e-02  3.27260494e-01  3.55530143e-01  7.60656223e-02
  3.60969431e-03  5.58168113e-01  1.57874059e-02 -4.62573878e-02
 -4.64896001e-02 -1.36676505e-01 -3.63085582e-03 -1.56635746e-01
 -1.85263976e-01  1.39858380e-01  3.05304676e-01 -3.87406303e-03
  2.53547728e-01 -4.73781019e-01  3.78219306e-01 -3.94139625e-02
 -7.15158414e-03  2.49512687e-01 -1.38984248e-01  1.03044339e-01
 -7.29149431e-02  7.97633603e-02  8.79880935e-02  4.53381479e-01
 -1.31826729e-01 -3.07287782e-01 -8.20230395e-02  8.19008872e-02
 -1.05610929e-01 -2.83139169e-01  2.51022756e-01 -2.62019988e-02
  2.21187443e-01  1.65157676e-01  1.22980110e-01 -2.60979533e-01
  5.59084453e-02  3.09310168e-01 -7.07445294e-02  2.78849572e-01
 -6.31804466e-01  7.36849904e-02 -2.09020242e-01 -1.82379365e-01
  7.36354962e-02  1.68312684e-01  3.58250678e-01 -3.43706965e-01
  1.92825973e-01  4.63600419e-02 -5.03652468e-02 -2.80317277e-01
 -2.50304878e-01 -5.63758016e-01 -4.30261791e-02 -1.22595966e-01
  2.55756885e-01 -2.05975920e-01 -1.46217421e-02  2.03798607e-01
  1.17925726e-01 -2.61494726e-01  2.27106005e-01  1.94826126e-01
 -9.64108184e-02  3.04286361e-01  1.97245494e-01  2.41390079e-01
 -1.19385488e-01  2.02597216e-01  1.01526715e-01  3.14617038e-01
  2.45401219e-01 -1.51626796e-01  2.37875551e-01 -1.04896665e-01
 -4.12851572e-01 -5.86833060e-02  2.10565433e-01  1.55416459e-01
  6.76834285e-02  3.39168273e-02  1.45454690e-01 -3.20212573e-01
  2.74454445e-01 -5.68603933e-01 -1.39229462e-01  9.88920927e-02
  7.31020048e-02 -7.91314021e-02 -9.00685340e-02 -2.26848155e-01
 -9.37980711e-02  3.18399578e-01 -2.46498078e-01  3.25755924e-02
  4.40498024e-01 -6.02947362e-02  1.25152737e-01  2.30717257e-01
  3.45652789e-01 -4.04597461e-01 -2.98444122e-01  3.02353531e-01
 -6.25595301e-02 -8.58728513e-02  5.00662178e-02  5.07084690e-02
  2.16008022e-01  3.72181952e-01 -9.40400362e-02  4.91271019e-02
 -9.78268236e-02  1.19500689e-01 -7.49102890e-01  1.99735388e-01
 -1.72205240e-01 -1.73061881e-02 -1.34735256e-01  2.21413001e-01
 -8.30685273e-02 -6.25199452e-02 -3.94702941e-01 -1.52236551e-01
  4.09815013e-02 -1.57270208e-02 -9.31775719e-02  6.74099028e-02
  2.59732544e-01 -2.73615241e-01  1.61289155e-01 -3.05218607e-01
  3.29564333e-01  7.10411966e-02  1.43379211e-01  2.90033132e-01
 -1.90337166e-01 -2.99108829e-02  3.30774248e-01 -8.26385766e-02
  6.00520000e-02  1.58904389e-01 -1.10030510e-01  5.84415533e-02
 -2.76628658e-02  3.25211078e-01  2.17669755e-01  2.72705734e-01
  6.10704906e-02  1.09137483e-01  5.37257008e-02  6.69569299e-02
 -7.62850761e-01  1.87255129e-01 -2.90748239e-01 -8.21061879e-02
  5.15577644e-02 -3.55629176e-01 -1.41188577e-02  3.09073716e-01
  7.55212307e-01  1.98449284e-01 -1.69633701e-01 -2.32777670e-02
 -2.67280519e-01  9.69244614e-02  2.34820783e-01  5.80195189e-02
  4.38614994e-01 -2.65556097e-01 -2.08131805e-01 -4.25392121e-01
 -1.98563710e-01  7.68857747e-02  3.06269769e-02  2.74897933e-01
 -1.93097770e-01 -4.46474165e-01  3.22770268e-01 -1.14071928e-01
 -3.72654796e-01  1.70508265e-01 -4.04307395e-01 -1.25521600e-01
 -2.15563536e-01 -3.61483097e-01 -1.31306320e-01  7.35748466e-03
 -2.46481583e-01  2.29590476e-01  1.18176356e-01 -1.95431784e-01
  2.45711640e-01  1.71538383e-01 -1.70452848e-01  1.30002081e-01
 -2.67101884e-01 -2.73888677e-01 -3.17082971e-01 -1.18694738e-01
 -5.48832454e-02 -1.01777166e-01  2.98487455e-01 -1.97057068e-01
 -2.91814268e-01 -3.33637327e-01 -6.05590045e-01 -2.01967582e-01
  8.63870978e-02 -2.28861541e-01 -9.39277466e-03  1.41750639e-02
 -1.12724394e-01  6.42870739e-03 -1.39896184e-01 -1.07095003e-01
  1.45936936e-01 -9.93518680e-02 -2.72886485e-01 -3.22599500e-01
  1.08688921e-01 -1.50386602e-01 -2.17480510e-02  7.67527893e-02
 -9.42324847e-03  1.39436394e-01  1.57759264e-01 -4.02031913e-02
 -4.93205309e-01  2.83844471e-01  2.30525985e-01  2.72959977e-01
 -2.47988962e-02  4.63985264e-01  1.42505974e-01 -6.57444149e-02
 -1.41310290e-01  1.84686854e-01 -1.66186914e-01  1.33454055e-01
  1.91302940e-01 -6.10589907e-02 -5.64925551e-01  4.52886075e-02]"
108,Historic Victorian Home,"456 Elm St, Victoria, BC",1200000.0,5.0,4.0,3000.0,Detached House,Sold,"A beautifully restored Victorian home with vintage charm and modern amenities, located in a historic district.",https://example.com/image8.jpg,George Wilson,250-555-4321,george.wilson@example.com,"[ 0.37651804 -0.10136434  0.03187614  0.47485444 -0.44385144 -0.0344647
 -0.40988618 -0.2555645   0.04984739  0.16926138  0.05611791 -0.12560995
 -0.05979612  0.19239312 -0.29818195  0.37758672 -0.35392606  0.05018112
 -0.06939394  0.2847007  -0.08214068 -0.01279333 -0.18996704  0.17274961
  0.20542648 -0.09683467 -0.34242693 -0.06275517  0.03255588 -0.26383016
  0.30656812 -0.3480891   0.3806669   0.23898464  0.30175415  0.33699572
  0.25978157  0.00712925  0.16788861 -0.2581174  -0.2672274   0.35905385
  0.17650373 -0.10308547  0.09813163  0.27259707  0.03300902 -0.025879
 -0.0451606   0.08876286 -0.27999485  0.35221255  0.18372461 -0.00662302
 -0.3318018   0.20590144 -0.01414062  0.0052574   0.28146598 -0.36475414
  0.29730982  0.2661319  -0.13735723  0.07700777 -0.28697714  0.05471714
 -0.44158074  0.02577583  0.00358699 -0.50907457 -0.13266557  0.06599909
 -0.25542244 -0.20296957 -0.03092388 -0.06097849 -0.13486257 -0.07703073
 -0.30801943 -0.03854938 -0.00195898 -0.31381726 -0.25141418  0.07214718
 -0.06257194 -0.32898867  0.19062062 -0.09247503  0.07505393 -0.12548855
  0.5506709   0.0333261  -0.20875032  0.23291044 -0.07876434 -0.4224527
  0.00384903  0.15331212  0.22747637  0.21546729  0.19097243  0.3012838
  0.37182197 -0.04240272 -0.04087612 -0.09342572 -0.05992062  0.17945422
  0.2622108   0.1087786   0.32080868 -0.32139516 -0.20093982  0.24221265
 -0.16180345  0.13222598 -0.22334835 -0.3241941   0.19195546  0.00884406
  0.4705342   0.02437736 -0.00129389 -0.21269694 -0.10214723 -0.16056378
  0.08263518  0.04700408 -0.05229365  0.27126762 -0.24513     0.24424684
  0.12183284 -0.0395719  -0.2685783   0.38337556  0.02304621  0.06375095
  0.53998345 -0.00751264 -0.23607881 -0.18886389 -0.23014528 -0.21948546
 -0.14163186 -0.18040074 -0.00222249  0.17682323 -0.23369353  0.3036631
  0.03098232 -0.08112516 -0.04410426 -0.10532565  0.30727163 -0.27424738
 -0.14588876  0.02359474  0.22745533 -0.02872312 -0.04804884 -0.09688541
  0.14909455  0.19034427 -0.1978321  -0.19695751 -0.18143071  0.18524136
 -0.00106086 -0.23783591  0.44425467 -0.02182393  0.06210953 -0.02275671
  0.08928627 -0.14087094 -0.21440548  0.43205282  0.20973408  0.20115432
 -0.21062611  0.47020668 -0.16337837 -0.09015016 -0.19323799  0.15332869
  0.45523852 -0.00206941  0.37343463 -0.01339891  0.10293811 -0.01586967
 -0.08342616 -0.4796144   0.1506564   0.12310915 -0.15475498  0.20021166
  0.28576076  0.23010181 -0.12494979 -0.14816472 -0.29280588 -0.08208992
  0.3600806   0.3185594   0.15239601  0.06643099 -0.10481815  0.10295098
 -0.22022706 -0.19217616  0.5311446  -0.09497072 -0.05172856  0.19272958
 -0.2500873   0.01214972  0.00582264  0.09097004 -0.27302843 -0.06069668
  0.11271038  0.05403607  0.18005502 -0.21519347 -0.0884098  -0.06487456
 -0.3065069   0.05363502 -0.17273813  0.14921446  0.07461701  0.31219685
 -0.06927806  0.07170839  0.15470971 -0.08096725  0.3871083   0.01743021
  0.08969175 -0.12796605 -0.04884227 -0.14844805  0.14613864  0.5382782
 -0.1334668   0.07962225  0.02545161  0.17595069 -0.23017986  0.10677801
  0.21443589 -0.34243053  0.08894238 -0.20820445  0.11491828  0.19373041
 -0.04827752 -0.0168852  -0.02570332  0.04885707  0.03761462  0.08621521
 -0.09497157  0.11917275  0.09483318  0.25909424  0.05544594 -0.03793233
 -0.11293863 -0.5143929   0.43247658  0.32916814  0.25812173  0.18001638
  0.00757141  0.03481691 -0.11228541 -0.00377155 -0.07816163  0.33228013
 -0.28507042 -0.03013253 -0.26076072  0.14573433 -0.02441163  0.03563216
 -0.1614402  -0.10989309 -0.13694471 -0.22142814 -0.8638985  -0.2794349
 -0.3736862   0.14225124 -0.27733207 -0.3313415   0.15569699  0.09157643
  0.43844315  0.09439559  0.04285714  0.29232967  0.49057528  0.1489888
  0.47957116  0.04565159  0.3767055  -0.554354   -0.35567042 -0.40423584
 -0.3988281   0.06135391  0.13519873  0.17641371  0.21900713 -0.39648616
 -0.00586854  0.01572669 -0.5419984   0.32538208 -0.422662   -0.15706809
  0.06632042 -0.15218364  0.16317627  0.18285637 -0.33666775 -0.18967982
 -0.23287624 -0.32290757 -0.29794526  0.07377217 -0.2866233  -0.08661494
 -0.48128864 -0.20987152 -0.09435053 -0.10466696  0.39320678 -0.178129
  0.24659087  0.1373041  -0.32828107  0.07132241  0.02359057 -0.1835058
 -0.10929855 -0.69179296  0.06064237  0.4715669   0.15280113  0.25454032
 -0.28019205 -0.23028995  0.2661877   0.10685568 -0.13197324 -0.05377657
  0.30031055 -0.3256998  -0.2456503  -0.20017509 -0.1042881   0.19623901
 -0.57291895 -0.25483686 -0.32076338  0.2228674   0.41006744  0.47899464
  0.16540843  0.36855245 -0.17468601 -0.22524242  0.10742971  0.4056402
 -0.01403587  0.09661412  0.2502901  -0.17742875 -0.16778049  0.07747355]","[ 0.42715234  0.03238041  0.09699228  0.16818485 -0.37138453 -0.09007907
 -0.2564275  -0.478764   -0.02530405  0.18497194 -0.16568327 -0.18641858
 -0.09401999  0.0538532  -0.22728804  0.27967858 -0.22401302  0.17371747
 -0.01969128  0.21501218 -0.13957833  0.09961201 -0.2577598   0.05414224
  0.26852506 -0.20283967 -0.06536875  0.10926849 -0.00438361 -0.32019955
  0.3057471  -0.20695758  0.15912665  0.15286084  0.12679309  0.5057584
  0.10168967 -0.0682937   0.22457097 -0.25069577 -0.3730868   0.40890688
  0.2797121  -0.04041976  0.04400256  0.26409099 -0.03983169  0.01214074
  0.03587927 -0.07003938 -0.10928315  0.23865521  0.05290778 -0.12843099
 -0.38322243  0.4866714   0.02178934  0.0202354   0.25637743 -0.3563628
  0.5979512   0.27009997 -0.22292206  0.10272752 -0.29361466 -0.01303832
 -0.43965316 -0.02987     0.0184652  -0.08650438 -0.13411939 -0.0648021
 -0.18383223 -0.35969073  0.1072436   0.0191356  -0.08307339 -0.06453052
 -0.23262763 -0.18019508  0.23201664 -0.10211104 -0.2741827   0.2718759
 -0.00130927 -0.18180613  0.06174961 -0.03617343  0.05357917 -0.17125583
  0.38198462 -0.13222924  0.06310555  0.2786783   0.14047173 -0.3180877
  0.01589735  0.03843798  0.22954008  0.06390079  0.12045322  0.37300903
  0.2324238  -0.07783481 -0.35971782 -0.07546549 -0.13184705  0.17403364
  0.24184693 -0.00644024  0.15531945 -0.2888046  -0.11073874  0.22503158
 -0.18623146  0.24435523 -0.15784532 -0.28614837  0.30281052  0.07574704
  0.34804034  0.12320428  0.01711682 -0.11661591  0.01234466 -0.1403982
 -0.01860557  0.12439984 -0.13717028  0.23760772 -0.23509282  0.24409346
  0.29100525 -0.06498192 -0.16729708  0.19467467 -0.02574339  0.10369602
  0.5297048   0.10482526 -0.23666824 -0.0052119  -0.26278967 -0.18973169
 -0.18476911  0.01428767 -0.07575881 -0.04034963 -0.24959415  0.32045847
  0.062025   -0.25780898 -0.01333153 -0.19327098  0.38380244 -0.01530431
  0.04805094  0.13129944  0.20630848  0.2124094  -0.08609343 -0.10816748
  0.02722832  0.4544582  -0.26295382 -0.3776328  -0.30124402  0.18022737
 -0.20736977 -0.3019913   0.27152067  0.00199816  0.14631906  0.07214404
  0.04913911 -0.11749079 -0.05713778  0.37698025  0.08534612  0.31235254
 -0.14936602  0.2201526  -0.12622797 -0.11375288 -0.08510275  0.2726167
  0.5308963  -0.09352587  0.48554564 -0.01381592 -0.11883678 -0.07296838
 -0.1663054  -0.5625834   0.3137893   0.2168807  -0.0910349   0.04622671
  0.24615115  0.2919648  -0.15751277  0.07600965 -0.23725852 -0.05824617
  0.08455276  0.43939808  0.36561581  0.05095699 -0.26568     0.33935484
 -0.15588073  0.02225566  0.55306906 -0.09916221  0.05395127  0.04493177
 -0.3947225   0.09176542  0.06452832 -0.12106548 -0.1262442  -0.22146162
  0.1841034  -0.22968325  0.10823967 -0.40842193 -0.25258675 -0.07692538
 -0.2910379  -0.0329746  -0.27757418  0.03077477 -0.03941387  0.16469349
 -0.3053574   0.16513258  0.21756844 -0.32284594 -0.05176959 -0.05492691
  0.12285019 -0.26718703 -0.11419897  0.04403985  0.34619766  0.3287881
 -0.18121727  0.09218426 -0.09762534  0.15833183 -0.08915626 -0.08682281
 -0.24340975 -0.21855418 -0.30611885 -0.11770173 -0.24257141  0.03531584
 -0.17184077  0.14581694  0.03695526 -0.03334587 -0.29772678  0.18739758
  0.00972609  0.16293956  0.23490289  0.25613233  0.12231679 -0.10083049
 -0.10796102 -0.30942684  0.29465654  0.3085986   0.30119675  0.21490155
  0.06322778 -0.3222892   0.06305535  0.23950885 -0.01585909  0.04800614
 -0.2328316   0.19893602 -0.36602822  0.17947847  0.16442904  0.19804524
 -0.00789391  0.11369728 -0.18713158 -0.02787901 -0.94335806 -0.15776064
 -0.2033559   0.0090414  -0.22273384 -0.26061794  0.225749    0.27806297
  0.68441826  0.14377931 -0.10479382  0.20600061  0.02650701 -0.03923449
  0.46054423  0.1016615   0.43944392 -0.41881874 -0.52766836 -0.48287776
 -0.19052096  0.15558589  0.25836617  0.33367166  0.09959178 -0.39889285
  0.06098071  0.08899383 -0.44573733  0.3570384  -0.49577063 -0.19343904
 -0.04828506 -0.1654043   0.29565322  0.2616795  -0.4621672  -0.1265085
 -0.20580631 -0.1580081  -0.2763716   0.22850615 -0.23326974  0.22629483
 -0.26014102 -0.02109598 -0.38208237 -0.02946508  0.28316545 -0.04361229
  0.39031228  0.12551801 -0.39559233  0.03346621 -0.12394552 -0.01028185
 -0.07113579 -0.5585432   0.07140815  0.23801494  0.0510871   0.06054441
 -0.15528741 -0.15898706  0.2561892   0.13994469 -0.11278063 -0.37001598
  0.29368943 -0.23730579 -0.11282338  0.07562906  0.05927645  0.1567336
 -0.4312043   0.04451972 -0.28159904  0.09528638  0.28482184  0.32742128
  0.06249232  0.39145195 -0.02258094 -0.20553704  0.14921032  0.32848498
 -0.1163269   0.16631687  0.34688556 -0.0352662  -0.19049016  0.07996835]"
109,Luxury Penthouse,"789 Bloor St, Toronto, ON",2200000.0,3.0,3.0,2000.0,Condo,For Sale,"This luxury penthouse offers panoramic views of Toronto's skyline, with top-of-the-line finishes and private terrace.",https://example.com/image9.jpg,Olivia Scott,416-555-3210,olivia.scott@example.com,"[ 0.1572558   0.0895526  -0.13229379  0.29976562 -0.3741445  -0.22529063
 -0.1973269   0.35170543  0.12925324 -0.00631936 -0.01024315 -0.02661399
 -0.0633878  -0.31492454 -0.29204062 -0.01457476  0.19759005  0.1323806
 -0.09721989  0.6888409   0.23912188 -0.34677672 -0.27571872  0.25413847
  0.2837658   0.05791286 -0.18159929  0.27376407 -0.18664715 -0.02289451
 -0.11210523 -0.20172915  0.06382756 -0.11699744  0.54669434  0.47628728
 -0.16933726 -0.10543877 -0.4109475  -0.23871422  0.03784984 -0.01718526
 -0.24364847  0.24190497  0.22656912  0.04479314 -0.04805204  0.38506335
  0.13584918  0.13896587 -0.27987605 -0.03395623  0.02464987 -0.02841288
  0.03509753 -0.00963457 -0.00601348  0.08305044  0.75763047  0.02971658
  0.27894068  0.17400378 -0.03910391  0.07274964  0.34810954  0.12471448
 -0.62343746  0.03211445 -0.33378816 -0.15283602  0.30645216 -0.12396981
 -0.10356726 -0.01893133  0.18972406 -0.1313623   0.23282433  0.02716316
 -0.41716057  0.06526782  0.5577987  -0.31653205 -0.12705533  0.11309254
  0.18730535 -0.48486322 -0.04375398 -0.01958937  0.03368461 -0.2008679
  0.2953271   0.10890315 -0.44508862 -0.01316874 -0.23852357 -0.2983104
 -0.00110049 -0.20012929  0.08127254  0.1166202   0.31606647  0.38634008
  0.41827413  0.37873265  0.13019058 -0.19885127  0.3861852   0.3419947
  0.06825338  0.07861913 -0.07429874 -0.02637367  0.02729359 -0.02670661
 -0.37887633 -0.06732925 -0.00843903  0.31746447  0.33489072 -0.46386144
  0.33242297  0.03085311  0.02707662 -0.14582829 -0.09136419 -0.21842256
 -0.4085261   0.30578935 -0.24860433  0.12615268  0.17575142  0.10144348
 -0.00916828 -0.25788295  0.06312256  0.22828954 -0.10438074  0.06976219
  0.33418512 -0.30152804  0.05948901  0.16687989  0.19214916 -0.46236584
  0.20322403  0.01095383 -0.14162332  0.12198763 -0.07570908  0.01359079
  0.14065759  0.02457646  0.24319842  0.0512724   0.10996339 -0.2005455
 -0.2374455   0.13542986  0.03796746  0.01352797 -0.16594692 -0.13744289
 -0.1110733   0.28417277 -0.01621571 -0.17480808 -0.05245405  0.14327508
 -0.35098916 -0.14716727  0.0743302   0.04617779 -0.01123149  0.23832354
  0.42631042 -0.28473115 -0.03389291  0.08246327 -0.03792254 -0.13948908
 -0.63173956 -0.160476   -0.01637473 -0.09081767  0.12502474  0.0711678
  0.41037518  0.05098867  0.22219202  0.01372411 -0.06104758 -0.18025143
 -0.186044   -0.12357377 -0.10311463 -0.0207452  -0.13732284 -0.01452077
 -0.3178392   0.38824427  0.38852286 -0.47694018  0.07219696  0.18506671
 -0.01599286  0.26567194  0.00926351  0.03290768 -0.22610335  0.2890515
  0.49214706  0.02692651  0.12468007  0.02886295  0.215437    0.05645621
 -0.22931857 -0.23329903  0.08067621  0.2534107  -0.15289752 -0.07158108
 -0.38561153 -0.18633646  0.118317    0.01622479 -0.04123525  0.02808372
 -0.1122969   0.02495118 -0.03963384 -0.29048607 -0.10655747  0.5020902
 -0.09615655  0.22702584  0.16602801 -0.21405533  0.2308948   0.29850408
  0.06077289 -0.38598806 -0.5385914  -0.22326773 -0.01646175  0.02960826
  0.1778935   0.06482403 -0.02163743  0.42964494  0.10037549  0.27141568
  0.3646105  -0.16718782 -0.36419797 -0.12207673 -0.03358835  0.16657437
  0.18517324  0.5035841  -0.2079184  -0.1688066   0.03371238  0.13972273
 -0.11459035  0.3358551   0.15142429 -0.19677418 -0.13474643 -0.43667123
  0.37235156 -0.18295324  0.57296455 -0.25954023 -0.05692618 -0.1783798
  0.05041608  0.34643117 -0.06658017 -0.17438874 -0.14472315  0.39544526
  0.01590497 -0.19710249  0.2302676   0.1720116   0.10035925  0.2632124
 -0.06233257  0.1881854   0.24038106 -0.22735932 -0.49330455  0.32365263
 -0.35308838 -0.02334296 -0.08630213 -0.29921073  0.11858746  0.13061124
  0.4918028   0.213204    0.02820095  0.12914371  0.25389385  0.16272214
  0.0961144  -0.11070384  0.49430174 -0.24806504 -0.13597153 -0.27810055
 -0.5081078  -0.1447582   0.00705494  0.09150493  0.1121874  -0.21900111
  0.08811168 -0.10514539 -0.55772984 -0.02250552 -0.1187949  -0.01640671
 -0.16378385 -0.37316865 -0.09592336 -0.17679226  0.03378621  0.39345825
 -0.09509168 -0.40627196  0.00416675 -0.16992202 -0.35308468 -0.02313202
 -0.08681055 -0.19085567 -0.24874015 -0.05646513 -0.3466969  -0.15067825
  0.10326765 -0.10683745  0.03204229 -0.0446246  -0.36945486 -0.26560444
  0.50425744 -0.5617859  -0.06583966  0.10421874 -0.00354788  0.10510226
 -0.00802286 -0.10325289  0.12796159  0.4262876  -0.23959821  0.06775932
  0.4229331  -0.09805366 -0.03178392  0.42602172 -0.19430476  0.19911355
 -0.27659008  0.08900337 -0.49319416 -0.07947445  0.41031483 -0.06172153
 -0.07606888  0.2424981   0.1230626  -0.06088676 -0.16278394  0.35685432
  0.02267854 -0.03041562  0.12961245 -0.29299527 -0.7980394   0.03731945]","[ 0.33120388  0.2602609  -0.05425081  0.24313135 -0.31140855 -0.22953507
 -0.19237809  0.22781602  0.19286901  0.039776   -0.03266114 -0.24913116
 -0.12860036 -0.17497304 -0.30425483 -0.08713484  0.18640687  0.19042999
  0.03393456  0.8092217   0.25649643 -0.4769959  -0.27034044  0.19325912
  0.3871457  -0.11013059 -0.17229447  0.35379994  0.01423722  0.02760069
  0.15240477 -0.1289855   0.01886592 -0.16421875  0.38126323  0.62558794
 -0.27749076 -0.14107415 -0.34552637 -0.4466193  -0.13551323  0.04675306
 -0.12051494  0.35821894  0.09930669  0.07631491  0.05584344  0.28522745
  0.16370921  0.26615036 -0.44545543 -0.03722945 -0.02049405 -0.06761972
 -0.09591645  0.09638922  0.10359975 -0.05884826  0.7270849   0.06391466
  0.3849717   0.12423517 -0.17504793  0.04112938  0.00881773  0.1575266
 -0.68487686 -0.00659766 -0.37506258 -0.2123153   0.24130271 -0.22715303
 -0.26504737  0.01539111  0.2660908  -0.10300823  0.07342915  0.04071949
 -0.3514545   0.25372455  0.8708022  -0.25956583 -0.37262052  0.15268041
  0.25099462 -0.40423986  0.04172054  0.00420592  0.0295994  -0.37357914
  0.27824458  0.33090425 -0.39152458 -0.04036282 -0.17397404 -0.18352439
  0.04781456 -0.13691942  0.01116309 -0.07896816  0.2049593   0.6097385
  0.2582148   0.5098689   0.04662029 -0.29765442  0.30816367  0.2826323
  0.23104139  0.04107967 -0.10234331 -0.01718548 -0.18401545 -0.04992433
 -0.21883702  0.25984544 -0.10113306  0.4012286   0.61230487 -0.3109614
  0.27205566  0.20023105  0.07396566 -0.09522168  0.08233617 -0.27823713
 -0.3510997   0.4155001  -0.42484048  0.13557795  0.11810103  0.13837732
  0.03808219 -0.3251715  -0.03394868  0.14455788  0.01101984  0.19516018
  0.26193935 -0.27827471  0.06183039  0.34496716  0.28173172 -0.2815497
  0.04000602 -0.03527288 -0.147977   -0.01981218 -0.10401295 -0.06303237
  0.16541761 -0.00688611  0.40059033 -0.16410363  0.24707702 -0.06218981
 -0.04726508  0.23676817 -0.21428241 -0.02257306 -0.17256401 -0.13097134
  0.03726429  0.47288325  0.02544388 -0.3888346  -0.09706131  0.2730676
 -0.33762023 -0.24146798  0.06301785 -0.00692578 -0.02333212  0.18231817
  0.33149987 -0.24791577 -0.01765029  0.1868738  -0.2160801   0.05979685
 -0.35073715 -0.17108558 -0.09177184  0.02622498  0.15736279 -0.0495991
  0.32456803 -0.13939418  0.17274237 -0.06875647 -0.16748856 -0.14266808
 -0.12592691 -0.25161153 -0.07984236  0.01134684  0.08777804 -0.03675118
 -0.27027577  0.29608157  0.35893288 -0.64411247  0.20869939  0.3201122
 -0.02404377  0.3502552   0.24009623  0.21630257 -0.07775901  0.2877496
  0.31461126  0.06056573  0.3762203   0.14583266  0.26949427 -0.11412989
 -0.4187162  -0.1434327   0.2543908   0.21001816 -0.00156182 -0.23641974
 -0.25897262 -0.37826607  0.30018267 -0.09377962 -0.00156146 -0.08733325
  0.05767144  0.06576746 -0.12940753 -0.3442075  -0.04470353  0.4444834
 -0.3949961   0.17329846  0.28536394 -0.3115129   0.08491889  0.2903873
  0.25781596 -0.37015676 -0.42510507 -0.12915906  0.20805514 -0.03848435
  0.20063937  0.05967832  0.12597638  0.47611952  0.0596691  -0.04891739
  0.03315151 -0.12988064 -0.63564575 -0.02882049 -0.30767155 -0.04893288
  0.16028598  0.5131562  -0.19513391 -0.28504428 -0.34428644  0.21499905
 -0.12455235  0.3681056   0.10073158 -0.0013131  -0.10749063 -0.5238263
  0.25224453 -0.12439758  0.47822326 -0.21989137  0.01142101 -0.06054686
 -0.11508128  0.07163754  0.0915238  -0.10900088  0.04099479  0.18923903
  0.09379907 -0.08454342  0.10035896  0.00237644  0.07842012  0.2579515
  0.0969717   0.19356324  0.2317254   0.00157796 -0.8445178   0.3897559
 -0.25206742 -0.11710721 -0.06150943 -0.50778955  0.03594593  0.1389935
  0.80192375  0.30658874 -0.00119978  0.07791691  0.03508984  0.21981084
  0.24375868 -0.21757655  0.42685902 -0.39252785 -0.21061946 -0.4383506
 -0.38397762  0.00349833 -0.02480579  0.2405857   0.06712047 -0.34401503
  0.12543699 -0.06599911 -0.5798291   0.08833071 -0.35743737 -0.07042672
 -0.06035658 -0.42471784 -0.14470741 -0.05646711 -0.10426361  0.30012754
  0.13657556 -0.29859784  0.13095912  0.09976366 -0.31316215  0.12210847
  0.02253515 -0.23020977 -0.3423722   0.06236537 -0.18363698 -0.2142803
  0.15542515 -0.1665128  -0.10510303 -0.17391363 -0.47402048 -0.04449926
  0.36905822 -0.5556361  -0.17903225  0.10100485 -0.04300821  0.13516594
 -0.1682631  -0.18607867  0.15418251  0.17377645 -0.20062648 -0.22250748
  0.30835554 -0.1616529  -0.0916733   0.42384404 -0.08753936  0.34475172
 -0.17289817 -0.01343209 -0.51721746 -0.01466508  0.48980665 -0.06568672
 -0.04478633  0.3336282   0.04380842 -0.13334629 -0.06346945  0.54112935
 -0.15806957  0.10066118  0.30606627 -0.22323966 -0.85115993  0.11459757]"
110,Lakefront Vacation Home,"321 Lakeview Dr, Kelowna, BC",980000.0,3.0,2.0,1800.0,Cottage,For Sale,"A stunning lakefront home ideal for vacations, offering breathtaking views and private dock access.",https://example.com/image10.jpg,Michael Carter,604-555-2109,michael.carter@example.com,"[ 0.38807836 -0.06425735 -0.25914043  0.17903873 -0.11415882 -0.0956509
 -0.07200275  0.08746053  0.16081084  0.08789068 -0.09096771 -0.39026135
  0.17979248 -0.13395853 -0.25833502  0.11408021 -0.06683368  0.02465536
  0.49261016  0.42319754 -0.22585282  0.09602833  0.01389442  0.23820786
  0.4958823  -0.10926095 -0.01525222 -0.02863992 -0.29237682 -0.25344205
  0.22309391 -0.07925472 -0.34612423  0.11479919  0.31124339  0.27376503
  0.04762214 -0.06118383 -0.3625879  -0.12773722  0.2751952   0.37495095
  0.17309871  0.06431954 -0.11922044  0.4786167  -0.2384649  -0.02613455
  0.11769021  0.13087371 -0.18735136 -0.36661294  0.01528313 -0.02065381
 -0.02954877  0.11672598 -0.26865166  0.00554725  0.03580972  0.21145774
  0.37542343 -0.01577828  0.15267262 -0.0707898   0.12074216  0.1465142
 -0.3423215  -0.03268712  0.04501718 -0.5696477  -0.3577666   0.01238563
 -0.20547082 -0.46208113 -0.03948051  0.0959384   0.08763361  0.15618794
  0.08801002  0.00791276 -0.05768258 -0.07911798 -0.03119918  0.24130857
  0.17289002 -0.30377167  0.13495079 -0.05482848  0.33947882  0.43632317
  0.5073293  -0.05596525 -0.2633502  -0.15420666 -0.45947394 -0.2345175
  0.23560695 -0.17819314  0.06569026  0.2710564   0.23083937  0.4798847
  0.50168145 -0.029904    0.35248202 -0.07087197  0.20625389  0.0337033
  0.11510319 -0.00111978  0.12888512 -0.20990224 -0.11486202  0.08738517
 -0.44807512  0.2889593  -0.12180167  0.12356807  0.25089517 -0.11078244
 -0.02261525  0.24296394  0.09032522 -0.12831913 -0.54927295 -0.08017214
 -0.1603735  -0.05352401 -0.06872917  0.31805953 -0.04675721  0.03008694
  0.50321937 -0.38953325 -0.04650625  0.11644769  0.0008728  -0.14743973
 -0.05695656 -0.17659293  0.11346148  0.1392695   0.30797628 -0.24346955
 -0.17600481  0.04902041  0.07643632  0.02309709 -0.32787663 -0.2172906
  0.07252695  0.20126331  0.04223973 -0.4661819   0.2541048   0.05838626
 -0.09226108  0.08368898  0.06036287 -0.02601625 -0.11117826 -0.0037012
  0.13296773  0.06990027 -0.14845397 -0.13448055 -0.11771996  0.10322265
 -0.1263782  -0.10219949 -0.05014362  0.18557203 -0.2704414  -0.01978858
  0.41830754 -0.0362959   0.07356827  0.01438558 -0.25714386 -0.2755434
 -0.5381213   0.35432938 -0.36948496  0.01153165  0.04542857 -0.05622854
 -0.13019922  0.01640089 -0.05497977 -0.00386448  0.2518227  -0.21188639
 -0.03736471 -0.07000956 -0.11280663  0.40653378 -0.16174565 -0.3382328
  0.07826068  0.16955328  0.46745867 -0.25859413  0.04356617 -0.08719579
  0.03176276 -0.12748437 -0.02604205  0.37558624 -0.14925386  0.27285147
  0.3447806  -0.04004649  0.01362371 -0.12001739  0.16850607  0.17372333
 -0.15138085 -0.11413299  0.14056753  0.3972683   0.12882635  0.07571626
 -0.31116125 -0.00283561  0.14113699 -0.3057163   0.09732986 -0.15317427
  0.03161321 -0.16640379  0.07493341 -0.30292073 -0.07507903  0.14833264
 -0.56641877  0.097106    0.21947673  0.05558108 -0.02607336 -0.33428198
  0.13973545 -0.16860557 -0.04505461 -0.06176692  0.15307786 -0.13562693
  0.18883915  0.09138477  0.12495995  0.29238653 -0.14771211  0.47671303
  0.11819584  0.15883026  0.1094157  -0.0619532   0.03567809  0.01235444
 -0.06081754  0.13815807  0.2055331   0.09840655 -0.14272761  0.06558826
  0.0846857  -0.32450214 -0.27190334 -0.17366779  0.08714273 -0.11883871
  0.22372504 -0.264316    0.39337605  0.16361222 -0.00623813  0.03695219
 -0.17735675  0.36295074 -0.11652929 -0.144188   -0.07161657  0.17083655
  0.04470523 -0.14225665 -0.08803153  0.06147256 -0.09448998  0.36396298
  0.02492093  0.4219188   0.08142736 -0.06915312 -0.547883    0.01353776
 -0.7320868  -0.38503352 -0.2533351  -0.14125623  0.02669846  0.05682234
  0.37307116  0.07290916  0.28973776 -0.18320152  0.31097716  0.1401821
 -0.02147548  0.12345342  0.48771268 -0.44567606 -0.00213039 -0.3607816
 -0.08406749  0.36773777 -0.06435868  0.08294444 -0.4821618  -0.00466188
  0.17362392  0.02518314 -0.12618634  0.19046795  0.02263412  0.14702709
  0.1020987  -0.2215054   0.190517   -0.10278441 -0.2524117   0.09507173
 -0.14771082 -0.35483128 -0.01095711  0.19562674 -0.02742548 -0.19510898
  0.07640833 -0.1550142  -0.36236325 -0.09032274 -0.1965611  -0.08099644
  0.32692188 -0.14035156 -0.03732055  0.21151468 -0.02697618  0.0787713
  0.22602351 -0.3997891   0.01813753  0.17104135 -0.22143678  0.09339897
 -0.46805716 -0.05884677 -0.24751805  0.10241373 -0.08294629  0.35026544
 -0.19672145 -0.01518545 -0.10946097 -0.0870223   0.10809445  0.15208064
 -0.3032587   0.16767716 -0.2741686   0.35775706  0.08608478  0.15568699
  0.28262812  0.3778267  -0.24913634  0.3026192   0.05675649 -0.09668194
 -0.22305581 -0.05502293 -0.19866268 -0.21671847 -0.64467174 -0.0953306 ]","[ 0.37105066  0.13543019 -0.03277172  0.12060699 -0.02068012 -0.20910853
 -0.10899327 -0.19125497  0.3319767   0.03144358 -0.16176099 -0.43680328
  0.16762394  0.05225325 -0.09773157  0.13798332 -0.06701355  0.19795173
  0.3692861   0.35794178 -0.15462033  0.08760102 -0.0423886   0.29490903
  0.41985828 -0.07311448  0.04793496  0.09717797 -0.2215606  -0.28442174
  0.23239456 -0.01222036 -0.5421234  -0.12464655  0.26199877  0.56352144
 -0.22901243 -0.30751178 -0.12226935 -0.11582287  0.12364462  0.3763306
  0.2857296   0.1481951  -0.27174324  0.5114075  -0.3850766  -0.03472001
  0.01965865  0.27650747 -0.39020318 -0.39540088 -0.08736807 -0.05439846
 -0.08682072  0.18655281 -0.20490865 -0.05776089 -0.06994855  0.16374382
  0.39880064  0.0014968  -0.00704021  0.14279227 -0.0899982   0.16403593
 -0.458054    0.0067211  -0.04865169 -0.38300064 -0.31746075 -0.06097898
 -0.1598349  -0.38764897  0.0800663  -0.1321303  -0.01044071  0.1276798
  0.00904482  0.19433385  0.23821048  0.03857138 -0.19110592  0.1589158
  0.0827358  -0.2603958   0.15123443  0.13046703  0.2824564   0.17616747
  0.30613276  0.08974313 -0.20929317 -0.08327103 -0.14290771 -0.10041997
  0.08811355 -0.09177515  0.03185103 -0.00725294  0.17001788  0.5369545
  0.44431213 -0.01662465  0.18710595 -0.12589908  0.16716306  0.04185749
  0.27521753  0.0305152  -0.06935652 -0.02405399  0.01451006 -0.06722634
 -0.22556485  0.3648376  -0.03770812  0.07100044  0.35124803 -0.02827688
  0.04878071  0.26607773  0.10771779  0.11043856 -0.36297426  0.08658472
 -0.07197745  0.13712326  0.11169921  0.10009394 -0.12213458  0.11333643
  0.44803643 -0.23531115 -0.00803506  0.14319071  0.00564005 -0.08491688
  0.04787704 -0.16395715 -0.02359557  0.2223975   0.15122212 -0.39027157
 -0.06511413  0.11046414  0.10089544 -0.14004718 -0.25265738 -0.20181784
  0.06048271  0.01472843  0.12538728 -0.5046543   0.24152172  0.3117031
 -0.12218809  0.20484182  0.14740291 -0.06443543 -0.13116425 -0.18774611
  0.24956574  0.15712205 -0.2572237  -0.23971131 -0.20430413  0.12730402
 -0.24595317 -0.09856501  0.00265485  0.168031   -0.16978201 -0.05407014
  0.37425584 -0.08800744  0.14139427 -0.05525376 -0.1944832  -0.12344699
 -0.41134807  0.225894   -0.28200263  0.02039955  0.07455274 -0.01090876
 -0.23361038 -0.18764207 -0.06888942  0.09997826 -0.0722717  -0.30897152
  0.13301872 -0.16386768 -0.16013043  0.4934195   0.13694806 -0.37606624
  0.05045317  0.15800278  0.27227417 -0.38894513  0.14765856  0.10166297
 -0.03682543 -0.15049091  0.2933287   0.28752905 -0.17757162  0.3868825
  0.24750811  0.1004124   0.03533556 -0.03799726  0.2675674   0.02413659
 -0.40335554 -0.01442437  0.30701098  0.34297186  0.35532296 -0.06732376
  0.01749407 -0.18223381  0.17252496 -0.48860997 -0.02878154 -0.13943973
  0.17302075 -0.23777625 -0.07678658 -0.29583308 -0.04047779  0.19968122
 -0.83448344  0.12467287  0.21880923 -0.21781114 -0.27589077 -0.19453561
  0.30202076 -0.21962795  0.07520693  0.25037625  0.30071005 -0.01378705
  0.06808336  0.03492153  0.03024655  0.35281217 -0.18147808  0.14403337
 -0.2759685   0.01692694 -0.19974563 -0.0469976  -0.12475814 -0.24081427
 -0.14770228  0.180309    0.16749102  0.05370614 -0.38638675  0.16603301
  0.27357394 -0.27852973 -0.23656389 -0.15598404  0.00781001 -0.07275381
  0.19752629 -0.27649555  0.30823925  0.24976598 -0.12251689 -0.01265748
 -0.19318295  0.02436871  0.19641647 -0.17751555 -0.14706665 -0.04587786
  0.05795459 -0.01870829 -0.10584879  0.05242918 -0.01438517  0.3454255
  0.14657152  0.4469211   0.02469902  0.11606741 -0.7408874  -0.03833289
 -0.5940881  -0.31739974 -0.1139202  -0.22953215  0.2655492   0.08041885
  0.6033961  -0.08458026  0.02726518 -0.02906958  0.02583456  0.19897592
 -0.0689326  -0.0106254   0.55134064 -0.55188096 -0.09330228 -0.5877248
 -0.08230965  0.39243898 -0.00361365  0.22033341 -0.33455944 -0.1883947
  0.3714574   0.09624965 -0.06129862  0.27929345 -0.25530303  0.04097184
 -0.07757517 -0.3627864   0.1954515   0.04654809 -0.28281894  0.14603305
 -0.12793458 -0.21638083  0.21891165  0.33625108 -0.04672332 -0.07431611
  0.19338432 -0.25315186 -0.32909286 -0.12175595 -0.16287766 -0.24934189
  0.37575394 -0.18216634 -0.13123636  0.15074563 -0.16775073  0.03216155
  0.18325296 -0.40389082  0.02992935  0.07728569 -0.23292707  0.17050523
 -0.41983193 -0.00664614 -0.34324905  0.04835527 -0.04810584  0.10089339
 -0.16729975  0.17621711 -0.02362939  0.04016205  0.1607647   0.24058877
 -0.10726237  0.14284874 -0.24032095  0.43813926  0.2340519   0.07848416
  0.30155236  0.4390709  -0.02653191  0.32861188  0.13053134  0.06833253
 -0.3015011   0.02963558  0.03871777 -0.13599426 -0.62169105 -0.15272588]"
